batch,heads,seqlen,head_dim,causal,precision,status,measured_runtime_ms,measured_runtime_std_ms,measured_bottleneck,predicted_runtime_ms,predicted_bottleneck,error
1,16,1024,64,True,bf16,ok,0.0896959975361824,0.018152258382333607,hbm,0.025405714285714285,hbm,
1,16,1024,64,True,fp16,ok,0.07017599791288376,0.007400515650825395,hbm,0.025405714285714285,hbm,
1,16,1024,64,True,fp8,ok,0.06976000219583511,0.00771788636417653,hbm,0.013702857142857143,hbm,
1,16,1024,64,False,bf16,ok,0.06963200122117996,0.007449506027002502,tma,0.03575820512820512,tma,
1,16,1024,64,False,fp16,ok,0.07238399982452393,0.005650243181139643,tma,0.03575820512820512,tma,
1,16,1024,64,False,fp8,ok,0.3126719892024994,0.02185446277370536,tma,0.018954102564102564,tma,
1,16,1024,128,True,bf16,ok,0.06815999746322632,0.006417512933979459,hbm,0.04881142857142857,hbm,
1,16,1024,128,True,fp16,ok,0.06806399673223495,0.007241806637891594,hbm,0.04881142857142857,hbm,
1,16,1024,128,True,fp8,ok,0.07331199944019318,0.00817594578515016,hbm,0.025405714285714285,hbm,
1,16,1024,128,False,bf16,ok,0.07436800003051758,0.00619707186214065,tma,0.06936641025641026,tma,
1,16,1024,128,False,fp16,ok,0.07334399968385696,0.007710758522831999,tma,0.06936641025641026,tma,
1,16,1024,128,False,fp8,ok,0.07091200351715088,0.007623270289234788,tma,0.03575820512820512,tma,
1,16,2048,64,True,bf16,ok,0.07993599772453308,0.006807244004557341,hbm,0.04881142857142857,hbm,
1,16,2048,64,True,fp16,ok,0.07596799731254578,0.0022570316057692595,hbm,0.04881142857142857,hbm,
1,16,2048,64,True,fp8,ok,0.08108799904584885,0.0029499596087243967,hbm,0.025405714285714285,hbm,
1,16,2048,64,False,bf16,ok,0.08198399841785431,0.001975802163147496,tma,0.06936641025641026,tma,
1,16,2048,64,False,fp16,ok,0.0830719992518425,0.008511656254109797,tma,0.06936641025641026,tma,
1,16,2048,64,False,fp8,ok,0.08022399991750717,0.0028556132199441617,mufu,0.03575820512820512,tma,
1,16,2048,128,True,bf16,ok,0.07932800054550171,0.0032460678273688905,hbm,0.09562285714285715,hbm,
1,16,2048,128,True,fp16,ok,0.07983999699354172,0.0013334437233760035,hbm,0.09562285714285715,hbm,
1,16,2048,128,True,fp8,ok,0.0793600007891655,0.00310993210634486,hbm,0.04881142857142857,hbm,
1,16,2048,128,False,bf16,ok,0.0872960016131401,0.0019447209380691317,tma,0.13658282051282053,tma,
1,16,2048,128,False,fp16,ok,0.08799999952316284,0.0038940206173698707,tma,0.13658282051282053,tma,
1,16,2048,128,False,fp8,ok,0.08108799904584885,0.005442860579503564,tma,0.06936641025641026,tma,
1,16,4096,64,True,bf16,ok,0.10092800110578537,0.0052422115949015205,hbm,0.09562285714285715,hbm,
1,16,4096,64,True,fp16,ok,0.10169599950313568,0.0012436848857660554,hbm,0.09562285714285715,hbm,
1,16,4096,64,True,fp8,ok,0.10172799974679947,0.0014563684537965574,mufu,0.05780407457300138,mufu,
1,16,4096,64,False,bf16,ok,0.16486400365829468,0.007777801356660638,mma,0.13658282051282053,tma,
1,16,4096,64,False,fp16,ok,0.1653439998626709,0.0018389571727721126,mma,0.13658282051282053,tma,
1,16,4096,64,False,fp8,ok,0.1446080058813095,0.00523608237628253,mufu,0.11360814914600276,mufu,
1,16,4096,128,True,bf16,ok,0.10515200346708298,0.0059579829962968485,hbm,0.1892457142857143,hbm,
1,16,4096,128,True,fp16,ok,0.10505600273609161,0.00547098854122898,hbm,0.1892457142857143,hbm,
1,16,4096,128,True,fp8,ok,0.10406400263309479,0.005299530357707572,hbm,0.09562285714285715,hbm,
1,16,4096,128,False,bf16,ok,0.18092800676822662,0.006321497336092617,mma,0.271015641025641,tma,
1,16,4096,128,False,fp16,ok,0.18057599663734436,0.00507331000178533,mma,0.271015641025641,tma,
1,16,4096,128,False,fp8,ok,0.14854399859905243,0.007895466893267308,mma,0.13658282051282053,tma,
1,16,8192,64,True,bf16,ok,0.22563199698925018,0.0037267330159293415,mma,0.2252162982920055,mma,
1,16,8192,64,True,fp16,ok,0.22579200565814972,0.003091288783904735,mma,0.2252162982920055,mma,
1,16,8192,64,True,fp8,ok,0.225600004196167,0.001694668212095944,mufu,0.2252162982920055,mufu,
1,16,8192,64,False,bf16,ok,0.49433600902557373,0.004680032160675413,mma,0.448432596584011,mma,
1,16,8192,64,False,fp16,ok,0.49404799938201904,0.005668115482239906,mma,0.448432596584011,mma,
1,16,8192,64,False,fp8,ok,0.40166398882865906,0.005589486687254692,mufu,0.448432596584011,mufu,
1,16,8192,128,True,bf16,ok,0.24211199581623077,0.007181442446697826,mma,0.448432596584011,mma,
1,16,8192,128,True,fp16,ok,0.2444480061531067,0.004102608289890856,mma,0.448432596584011,mma,
1,16,8192,128,True,fp8,ok,0.22460800409317017,0.0027847731349106702,mma,0.2252162982920055,mma,
1,16,8192,128,False,bf16,ok,0.54448002576828,0.006121638988281935,mma,0.894865193168022,mma,
1,16,8192,128,False,fp16,ok,0.5518400073051453,0.007921919731829662,mma,0.894865193168022,mma,
1,16,8192,128,False,fp8,ok,0.4122239947319031,0.004063252798617332,mma,0.448432596584011,mma,
1,16,16384,64,True,bf16,ok,0.6824319958686829,0.004368807084597988,mma,0.894865193168022,mma,
1,16,16384,64,True,fp16,ok,0.6835520267486572,0.00644288245158603,mma,0.894865193168022,mma,
1,16,16384,64,True,fp8,ok,0.6796479821205139,0.0032945325492840473,mufu,0.894865193168022,mufu,
1,16,16384,64,False,bf16,ok,1.5560959577560425,0.017762362556833573,mma,1.787730386336044,mma,
1,16,16384,64,False,fp16,ok,1.5565119981765747,0.0025743390881903306,mma,1.787730386336044,mma,
1,16,16384,64,False,fp8,ok,1.2388479709625244,0.005870804854828723,mufu,1.787730386336044,mufu,
1,16,16384,128,True,bf16,ok,0.7728319764137268,0.0043143643724411086,mma,1.787730386336044,mma,
1,16,16384,128,True,fp16,ok,0.7937279939651489,0.0014509520280948458,mma,1.787730386336044,mma,
1,16,16384,128,True,fp8,ok,0.657535970211029,0.004760267519614824,mma,0.894865193168022,mma,
1,16,16384,128,False,bf16,ok,1.7685120105743408,0.0077307247914249625,mma,3.5734607726720884,mma,
1,16,16384,128,False,fp16,ok,1.8587839603424072,0.023741015461296575,mma,3.5734607726720884,mma,
1,16,16384,128,False,fp8,ok,1.362015962600708,0.030041261469853177,mma,1.787730386336044,mma,
1,16,32768,64,True,bf16,ok,2.598912000656128,0.003996770994420247,mma,3.5734607726720884,mma,
1,16,32768,64,True,fp16,ok,2.4909439086914062,0.019150395371767968,mma,3.5734607726720884,mma,
1,16,32768,64,True,fp8,ok,2.4529600143432617,0.008318038821414913,mufu,3.5734607726720884,mufu,
1,16,32768,64,False,bf16,ok,6.024352073669434,0.0049014516649165995,mma,7.144921545344177,mma,
1,16,32768,64,False,fp16,ok,6.028736114501953,0.006106545795080097,mma,7.144921545344177,mma,
1,16,32768,64,False,fp8,ok,4.74070405960083,0.004993093441233781,mufu,7.144921545344177,mufu,
1,16,32768,128,True,bf16,ok,2.8816640377044678,0.003756427076675184,mma,7.144921545344177,mma,
1,16,32768,128,True,fp16,ok,3.3104000091552734,0.115896631405363,mma,7.144921545344177,mma,
1,16,32768,128,True,fp8,ok,2.8860158920288086,0.12390928237333018,mma,3.5734607726720884,mma,
1,16,32768,128,False,bf16,ok,7.540863990783691,0.13483340015332815,mma,14.287843090688353,mma,
1,16,32768,128,False,fp16,ok,8.049663543701172,0.1687537169855182,mma,14.287843090688353,mma,
1,16,32768,128,False,fp8,ok,5.218719959259033,0.29004590011029274,mma,7.144921545344177,mma,
1,32,1024,64,True,bf16,ok,0.0644799992442131,0.001989514845532645,hbm,0.04881142857142857,hbm,
1,32,1024,64,True,fp16,ok,0.06438399851322174,0.0032259279476322404,hbm,0.04881142857142857,hbm,
1,32,1024,64,True,fp8,ok,0.06726399809122086,0.0013025220600400072,hbm,0.025405714285714285,hbm,
1,32,1024,64,False,bf16,ok,0.06806399673223495,0.003333779665174194,tma,0.06936641025641026,tma,
1,32,1024,64,False,fp16,ok,0.06784000247716904,0.0013441150612711508,tma,0.06936641025641026,tma,
1,32,1024,64,False,fp8,ok,0.06835199892520905,0.003523590511753511,tma,0.03575820512820512,tma,
1,32,1024,128,True,bf16,ok,0.06723199784755707,0.004665530281841783,hbm,0.09562285714285715,hbm,
1,32,1024,128,True,fp16,ok,0.06627199798822403,0.0012960600392883795,hbm,0.09562285714285715,hbm,
1,32,1024,128,True,fp8,ok,0.06857600063085556,0.0023329952493711145,hbm,0.04881142857142857,hbm,
1,32,1024,128,False,bf16,ok,0.07248000055551529,0.002265680759410326,tma,0.13658282051282053,tma,
1,32,1024,128,False,fp16,ok,0.07158400118350983,0.0041080313041349315,tma,0.13658282051282053,tma,
1,32,1024,128,False,fp8,ok,0.0708480030298233,0.0027811302342055657,tma,0.06936641025641026,tma,
1,32,2048,64,True,bf16,ok,0.08198399841785431,0.0017887668342131278,hbm,0.09562285714285715,hbm,
1,32,2048,64,True,fp16,ok,0.08140800148248672,0.0015773759982555086,hbm,0.09562285714285715,hbm,
1,32,2048,64,True,fp8,ok,0.08320000022649765,0.002887331702256627,hbm,0.04881142857142857,hbm,
1,32,2048,64,False,bf16,ok,0.11139199882745743,0.0024540273396899542,tma,0.13658282051282053,tma,
1,32,2048,64,False,fp16,ok,0.11062400043010712,0.0016746120233558464,tma,0.13658282051282053,tma,
1,32,2048,64,False,fp8,ok,0.10294400155544281,0.006655908063006228,mufu,0.06936641025641026,tma,
1,32,2048,128,True,bf16,ok,0.08528000116348267,0.0022593005294934527,hbm,0.1892457142857143,hbm,
1,32,2048,128,True,fp16,ok,0.08479999750852585,0.0036916548631474064,hbm,0.1892457142857143,hbm,
1,32,2048,128,True,fp8,ok,0.08499199897050858,0.0014698422042754978,hbm,0.09562285714285715,hbm,
1,32,2048,128,False,bf16,ok,0.12015999853610992,0.005481508387750609,tma,0.271015641025641,tma,
1,32,2048,128,False,fp16,ok,0.12131199985742569,0.0018029368585449847,tma,0.271015641025641,tma,
1,32,2048,128,False,fp8,ok,0.10543999820947647,0.0019651488800407732,tma,0.13658282051282053,tma,
1,32,4096,64,True,bf16,ok,0.1509760022163391,0.006532681078610124,hbm,0.1892457142857143,hbm,
1,32,4096,64,True,fp16,ok,0.15014399588108063,0.0026428995067873527,hbm,0.1892457142857143,hbm,
1,32,4096,64,True,fp8,ok,0.1517760008573532,0.003870360045706143,mufu,0.11360814914600276,mufu,
1,32,4096,64,False,bf16,ok,0.278656005859375,0.0057087766626660276,mma,0.271015641025641,tma,
1,32,4096,64,False,fp16,ok,0.27395200729370117,0.0019412425936279512,mma,0.271015641025641,tma,
1,32,4096,64,False,fp8,ok,0.23110400140285492,0.0015074663448222518,mufu,0.2252162982920055,mufu,
1,32,4096,128,True,bf16,ok,0.16326400637626648,0.0017298925520733057,hbm,0.3764914285714286,hbm,
1,32,4096,128,True,fp16,ok,0.16326400637626648,0.00262095114542926,hbm,0.3764914285714286,hbm,
1,32,4096,128,True,fp8,ok,0.15510399639606476,0.0033080159622109464,hbm,0.1892457142857143,hbm,
1,32,4096,128,False,bf16,ok,0.31116798520088196,0.0027250396307465386,mma,0.539881282051282,tma,
1,32,4096,128,False,fp16,ok,0.3107199966907501,0.003225971933439281,mma,0.539881282051282,tma,
1,32,4096,128,False,fp8,ok,0.2385600060224533,0.0035870965899957455,mma,0.271015641025641,tma,
1,32,8192,64,True,bf16,ok,0.3894079923629761,0.003902581615308564,mma,0.448432596584011,mma,
1,32,8192,64,True,fp16,ok,0.3893440067768097,0.003707484332646299,mma,0.448432596584011,mma,
1,32,8192,64,True,fp8,ok,0.38867199420928955,0.004295384372728528,mufu,0.448432596584011,mufu,
1,32,8192,64,False,bf16,ok,0.806879997253418,0.0061857242932250815,mma,0.894865193168022,mma,
1,32,8192,64,False,fp16,ok,0.8116480112075806,0.007980693313916258,mma,0.894865193168022,mma,
1,32,8192,64,False,fp8,ok,0.6499519944190979,0.003045635904563406,mufu,0.894865193168022,mufu,
1,32,8192,128,True,bf16,ok,0.4304960072040558,0.0035158492728579924,mma,0.894865193168022,mma,
1,32,8192,128,True,fp16,ok,0.43833601474761963,0.007538441839444727,mma,0.894865193168022,mma,
1,32,8192,128,True,fp8,ok,0.3871999979019165,0.00412906457194911,mma,0.448432596584011,mma,
1,32,8192,128,False,bf16,ok,0.9204800128936768,0.0025744814186292138,mma,1.787730386336044,mma,
1,32,8192,128,False,fp16,ok,0.9425280094146729,0.0022012600171722736,mma,1.787730386336044,mma,
1,32,8192,128,False,fp8,ok,0.6642879843711853,0.0030391482495910156,mma,0.894865193168022,mma,
1,32,16384,64,True,bf16,ok,1.3019839525222778,0.002890671975456206,mma,1.787730386336044,mma,
1,32,16384,64,True,fp16,ok,1.2963199615478516,0.002462196610513009,mma,1.787730386336044,mma,
1,32,16384,64,True,fp8,ok,1.282688021659851,0.0041631463203930345,mufu,1.787730386336044,mufu,
1,32,16384,64,False,bf16,ok,3.044287919998169,0.003895374767746064,mma,3.5734607726720884,mma,
1,32,16384,64,False,fp16,ok,3.0445759296417236,0.0023539444224309645,mma,3.5734607726720884,mma,
1,32,16384,64,False,fp8,ok,2.4051198959350586,0.009906550936234501,mufu,3.5734607726720884,mufu,
1,32,16384,128,True,bf16,ok,1.5066879987716675,0.0030474725698524155,mma,3.5734607726720884,mma,
1,32,16384,128,True,fp16,ok,1.5595200061798096,0.00213313617591891,mma,3.5734607726720884,mma,
1,32,16384,128,True,fp8,ok,1.2628159523010254,0.022559265347383825,mma,1.787730386336044,mma,
1,32,16384,128,False,bf16,ok,3.8680319786071777,0.033190475362674735,mma,7.144921545344177,mma,
1,32,16384,128,False,fp16,ok,3.836031913757324,0.06653584042966633,mma,7.144921545344177,mma,
1,32,16384,128,False,fp8,ok,2.8981120586395264,0.13853346117319693,mma,3.5734607726720884,mma,
1,32,32768,64,True,bf16,ok,5.0292158126831055,0.059176768309503754,mma,7.144921545344177,mma,
1,32,32768,64,True,fp16,ok,5.01094388961792,0.09520901745341084,mma,7.144921545344177,mma,
1,32,32768,64,True,fp8,ok,4.8943681716918945,0.04005760623654073,mufu,7.144921545344177,mufu,
1,32,32768,64,False,bf16,ok,11.98960018157959,0.005374330136882247,mma,14.287843090688353,mma,
1,32,32768,64,False,fp16,ok,11.996352195739746,0.010348232320945389,mma,14.287843090688353,mma,
1,32,32768,64,False,fp8,ok,9.418880462646484,0.005019299782954964,mufu,14.287843090688353,mufu,
1,32,32768,128,True,bf16,ok,6.336639881134033,0.345703461099421,mma,14.287843090688353,mma,
1,32,32768,128,True,fp16,ok,6.703360080718994,0.24493341480239617,mma,14.287843090688353,mma,
1,32,32768,128,True,fp8,ok,5.916192054748535,0.44630903226129237,mma,7.144921545344177,mma,
1,32,32768,128,False,bf16,ok,15.546463966369629,0.08926438168919784,mma,28.573686181376708,mma,
1,32,32768,128,False,fp16,ok,16.059200286865234,0.1508412455396391,mma,28.573686181376708,mma,
1,32,32768,128,False,fp8,ok,9.94649600982666,0.41821968143634697,mma,14.287843090688353,mma,
1,64,1024,64,True,bf16,ok,0.07100799679756165,0.004352271723002963,hbm,0.09562285714285715,hbm,
1,64,1024,64,True,fp16,ok,0.07187200337648392,0.0018029092267762613,hbm,0.09562285714285715,hbm,
1,64,1024,64,True,fp8,ok,0.0753600001335144,0.003996439251648354,hbm,0.04881142857142857,hbm,
1,64,1024,64,False,bf16,ok,0.08435200154781342,0.004707699661920716,tma,0.13658282051282053,tma,
1,64,1024,64,False,fp16,ok,0.08249600231647491,0.0037582219745085684,tma,0.13658282051282053,tma,
1,64,1024,64,False,fp8,ok,0.08003199845552444,0.0036988595227751358,tma,0.06936641025641026,tma,
1,64,1024,128,True,bf16,ok,0.07411199808120728,0.004035288881285095,hbm,0.1892457142857143,hbm,
1,64,1024,128,True,fp16,ok,0.07395199686288834,0.005999628427201389,hbm,0.1892457142857143,hbm,
1,64,1024,128,True,fp8,ok,0.07631999999284744,0.0042380244536739135,hbm,0.09562285714285715,hbm,
1,64,1024,128,False,bf16,ok,0.08972799777984619,0.0017933432867931287,tma,0.271015641025641,tma,
1,64,1024,128,False,fp16,ok,0.08867199718952179,0.0013691369566150408,tma,0.271015641025641,tma,
1,64,1024,128,False,fp8,ok,0.08217599987983704,0.0013419419223412899,tma,0.13658282051282053,tma,
1,64,2048,64,True,bf16,ok,0.11126399785280228,0.002171383665334105,hbm,0.1892457142857143,hbm,
1,64,2048,64,True,fp16,ok,0.11180800199508667,0.005760397476135554,hbm,0.1892457142857143,hbm,
1,64,2048,64,True,fp8,ok,0.11196800321340561,0.014355633360574842,hbm,0.09562285714285715,hbm,
1,64,2048,64,False,bf16,ok,0.1650879979133606,0.0018795202713475232,tma,0.271015641025641,tma,
1,64,2048,64,False,fp16,ok,0.1658560037612915,0.002378633670795827,tma,0.271015641025641,tma,
1,64,2048,64,False,fp8,ok,0.14582400023937225,0.001798190925027073,mufu,0.13658282051282053,tma,
1,64,2048,128,True,bf16,ok,0.12191999703645706,0.002668826856521639,hbm,0.3764914285714286,hbm,
1,64,2048,128,True,fp16,ok,0.12329600006341934,0.0028492019944673175,hbm,0.3764914285714286,hbm,
1,64,2048,128,True,fp8,ok,0.11753600090742111,0.002597544254496911,hbm,0.1892457142857143,hbm,
1,64,2048,128,False,bf16,ok,0.1905599981546402,0.0028585322182678244,tma,0.539881282051282,tma,
1,64,2048,128,False,fp16,ok,0.19046400487422943,0.00367558174115483,tma,0.539881282051282,tma,
1,64,2048,128,False,fp8,ok,0.1544959992170334,0.002697887575348574,tma,0.271015641025641,tma,
1,64,4096,64,True,bf16,ok,0.24793599545955658,0.002711022742516055,hbm,0.3764914285714286,hbm,
1,64,4096,64,True,fp16,ok,0.24700799584388733,0.0036432292582333826,hbm,0.3764914285714286,hbm,
1,64,4096,64,True,fp8,ok,0.24265600740909576,0.0035695708839834053,mufu,0.2252162982920055,mufu,
1,64,4096,64,False,bf16,ok,0.43487998843193054,0.004162656662102663,mma,0.539881282051282,tma,
1,64,4096,64,False,fp16,ok,0.43516799807548523,0.005903152287924619,mma,0.539881282051282,tma,
1,64,4096,64,False,fp8,ok,0.3603520095348358,0.004148879836135873,mufu,0.448432596584011,mufu,
1,64,4096,128,True,bf16,ok,0.2690880000591278,0.004708040597781169,mma,0.539881282051282,tma,
1,64,4096,128,True,fp16,ok,0.26956799626350403,0.002745540802821074,mma,0.539881282051282,tma,
1,64,4096,128,True,fp8,ok,0.25231999158859253,0.001861510764929238,hbm,0.3764914285714286,hbm,
1,64,4096,128,False,bf16,ok,0.4976319968700409,0.003242293134793322,mma,1.077612564102564,tma,
1,64,4096,128,False,fp16,ok,0.506816029548645,0.0013656201224983052,mma,1.077612564102564,tma,
1,64,4096,128,False,fp8,ok,0.3704319894313812,0.004823561988796764,mma,0.539881282051282,tma,
1,64,8192,64,True,bf16,ok,0.7197759747505188,0.006210298424477893,mma,0.894865193168022,mma,
1,64,8192,64,True,fp16,ok,0.7152320146560669,0.0017996637838479717,mma,0.894865193168022,mma,
1,64,8192,64,True,fp8,ok,0.7126399874687195,0.00234229036373628,mufu,0.894865193168022,mufu,
1,64,8192,64,False,bf16,ok,1.5545920133590698,0.0013100527896402676,mma,1.787730386336044,mma,
1,64,8192,64,False,fp16,ok,1.556480050086975,0.004066284840387828,mma,1.787730386336044,mma,
1,64,8192,64,False,fp8,ok,1.2392959594726562,0.005199682011657359,mufu,1.787730386336044,mufu,
1,64,8192,128,True,bf16,ok,0.8223040103912354,0.0060720182345035045,mma,1.787730386336044,mma,
1,64,8192,128,True,fp16,ok,0.8444799780845642,0.0036723616392645023,mma,1.787730386336044,mma,
1,64,8192,128,True,fp8,ok,0.7118719816207886,0.028096822625629098,mma,0.894865193168022,mma,
1,64,8192,128,False,bf16,ok,1.904096007347107,0.005884330911214696,mma,3.5734607726720884,mma,
1,64,8192,128,False,fp16,ok,1.9559999704360962,0.044849923643679436,mma,3.5734607726720884,mma,
1,64,8192,128,False,fp8,ok,1.4431999921798706,0.021826366934367788,mma,1.787730386336044,mma,
1,64,16384,64,True,bf16,ok,2.7497920989990234,0.046634309690644776,mma,3.5734607726720884,mma,
1,64,16384,64,True,fp16,ok,2.5827839374542236,0.005600491806681856,mma,3.5734607726720884,mma,
1,64,16384,64,True,fp8,ok,2.517983913421631,0.0076765147048237755,mufu,3.5734607726720884,mufu,
1,64,16384,64,False,bf16,ok,6.0307841300964355,0.007270618041578265,mma,7.144921545344177,mma,
1,64,16384,64,False,fp16,ok,6.035583972930908,0.010417272009721165,mma,7.144921545344177,mma,
1,64,16384,64,False,fp8,ok,4.753056049346924,0.005655563445919542,mufu,7.144921545344177,mufu,
1,64,16384,128,True,bf16,ok,2.986464023590088,0.003348538483918179,mma,7.144921545344177,mma,
1,64,16384,128,True,fp16,ok,3.216223955154419,0.01816534553498038,mma,7.144921545344177,mma,
1,64,16384,128,True,fp8,ok,3.1703040599823,0.017390981768152125,mma,3.5734607726720884,mma,
1,64,16384,128,False,bf16,ok,7.673088073730469,0.15610338253099454,mma,14.287843090688353,mma,
1,64,16384,128,False,fp16,ok,7.987232208251953,0.18752092994593123,mma,14.287843090688353,mma,
1,64,16384,128,False,fp8,ok,5.19488000869751,0.2135847273330946,mma,7.144921545344177,mma,
1,64,32768,64,True,bf16,ok,10.013471603393555,0.06175604428928614,mma,14.287843090688353,mma,
1,64,32768,64,True,fp16,ok,10.49561595916748,0.293479204898899,mma,14.287843090688353,mma,
1,64,32768,64,True,fp8,ok,9.560640335083008,0.06590969862139662,mufu,14.287843090688353,mufu,
1,64,32768,64,False,bf16,ok,23.873247146606445,0.008697303468365752,mma,28.573686181376708,mma,
1,64,32768,64,False,fp16,ok,23.983999252319336,0.045396564252690536,mma,28.573686181376708,mma,
1,64,32768,64,False,fp8,ok,18.761119842529297,0.008436561976158049,mufu,28.573686181376708,mufu,
1,64,32768,128,True,bf16,ok,12.645376205444336,0.20097500582598427,mma,28.573686181376708,mma,
1,64,32768,128,True,fp16,ok,13.56710433959961,0.36380001156372016,mma,28.573686181376708,mma,
1,64,32768,128,True,fp8,ok,10.09001636505127,0.42619579121788786,mma,14.287843090688353,mma,
1,64,32768,128,False,bf16,ok,31.243295669555664,0.31340086750200524,mma,57.14537236275341,mma,
1,64,32768,128,False,fp16,ok,32.248958587646484,0.2945171483174683,mma,57.14537236275341,mma,
1,64,32768,128,False,fp8,ok,19.790271759033203,0.08111577972240751,mma,28.573686181376708,mma,
2,16,1024,64,True,bf16,ok,0.062144000083208084,0.0047038149443606,hbm,0.04881142857142857,hbm,
2,16,1024,64,True,fp16,ok,0.06195199862122536,0.002704123363843957,hbm,0.04881142857142857,hbm,
2,16,1024,64,True,fp8,ok,0.06627199798822403,0.0017952253002994844,hbm,0.025405714285714285,hbm,
2,16,1024,64,False,bf16,ok,0.06630399823188782,0.002166143286326628,tma,0.06936641025641026,tma,
2,16,1024,64,False,fp16,ok,0.06560000032186508,0.0010513843044152088,tma,0.06936641025641026,tma,
2,16,1024,64,False,fp8,ok,0.0658240020275116,0.0012850297524485404,tma,0.03575820512820512,tma,
2,16,1024,128,True,bf16,ok,0.06569600105285645,0.0028228288193678083,hbm,0.09562285714285715,hbm,
2,16,1024,128,True,fp16,ok,0.06576000154018402,0.0019781853495400795,hbm,0.09562285714285715,hbm,
2,16,1024,128,True,fp8,ok,0.06672000139951706,0.002488191598970853,hbm,0.04881142857142857,hbm,
2,16,1024,128,False,bf16,ok,0.07129599899053574,0.0023263806482578726,tma,0.13658282051282053,tma,
2,16,1024,128,False,fp16,ok,0.07184000313282013,0.002088672495335091,tma,0.13658282051282053,tma,
2,16,1024,128,False,fp8,ok,0.06860800087451935,0.0033679736173524407,tma,0.06936641025641026,tma,
2,16,2048,64,True,bf16,ok,0.0809599980711937,0.0015016831984241122,hbm,0.09562285714285715,hbm,
2,16,2048,64,True,fp16,ok,0.08150400221347809,0.0011798852980677316,hbm,0.09562285714285715,hbm,
2,16,2048,64,True,fp8,ok,0.08313599973917007,0.001840459278047459,hbm,0.04881142857142857,hbm,
2,16,2048,64,False,bf16,ok,0.10950399935245514,0.004165768006952781,tma,0.13658282051282053,tma,
2,16,2048,64,False,fp16,ok,0.10847999900579453,0.0018916847655733693,tma,0.13658282051282053,tma,
2,16,2048,64,False,fp8,ok,0.10249599814414978,0.001986373484651405,mufu,0.06936641025641026,tma,
2,16,2048,128,True,bf16,ok,0.08556800335645676,0.0028188173284638507,hbm,0.1892457142857143,hbm,
2,16,2048,128,True,fp16,ok,0.08681599795818329,0.005079481330452099,hbm,0.1892457142857143,hbm,
2,16,2048,128,True,fp8,ok,0.08569599688053131,0.006714421455326149,hbm,0.09562285714285715,hbm,
2,16,2048,128,False,bf16,ok,0.1223360002040863,0.004022922676220178,tma,0.271015641025641,tma,
2,16,2048,128,False,fp16,ok,0.12067200243473053,0.0017550755654729673,tma,0.271015641025641,tma,
2,16,2048,128,False,fp8,ok,0.1066880002617836,0.0016667373451853334,tma,0.13658282051282053,tma,
2,16,4096,64,True,bf16,ok,0.15027199685573578,0.003876483043642438,hbm,0.1892457142857143,hbm,
2,16,4096,64,True,fp16,ok,0.14892800152301788,0.0028971752357450317,hbm,0.1892457142857143,hbm,
2,16,4096,64,True,fp8,ok,0.1504639983177185,0.0033218087381489997,mufu,0.11360814914600276,mufu,
2,16,4096,64,False,bf16,ok,0.27555200457572937,0.006113983651169853,mma,0.271015641025641,tma,
2,16,4096,64,False,fp16,ok,0.2738560140132904,0.0033378362472114573,mma,0.271015641025641,tma,
2,16,4096,64,False,fp8,ok,0.22857600450515747,0.0014896681982075855,mufu,0.2252162982920055,mufu,
2,16,4096,128,True,bf16,ok,0.16105599701404572,0.0035650093510842954,hbm,0.3764914285714286,hbm,
2,16,4096,128,True,fp16,ok,0.1607999950647354,0.0021474126293097077,hbm,0.3764914285714286,hbm,
2,16,4096,128,True,fp8,ok,0.15196800231933594,0.0032185708170817543,hbm,0.1892457142857143,hbm,
2,16,4096,128,False,bf16,ok,0.3076480031013489,0.0024678891679817665,mma,0.539881282051282,tma,
2,16,4096,128,False,fp16,ok,0.3078080117702484,0.002041510014677448,mma,0.539881282051282,tma,
2,16,4096,128,False,fp8,ok,0.23756800591945648,0.0022231613603973786,mma,0.271015641025641,tma,
2,16,8192,64,True,bf16,ok,0.3873920142650604,0.003643447697311681,mma,0.448432596584011,mma,
2,16,8192,64,True,fp16,ok,0.38896000385284424,0.00715680471935131,mma,0.448432596584011,mma,
2,16,8192,64,True,fp8,ok,0.3880639970302582,0.002626868603917893,mufu,0.448432596584011,mufu,
2,16,8192,64,False,bf16,ok,0.8067200183868408,0.0038742299106675135,mma,0.894865193168022,mma,
2,16,8192,64,False,fp16,ok,0.8076159954071045,0.004121515505107976,mma,0.894865193168022,mma,
2,16,8192,64,False,fp8,ok,0.6507520079612732,0.0028933220260205874,mufu,0.894865193168022,mufu,
2,16,8192,128,True,bf16,ok,0.42684799432754517,0.004414030493140626,mma,0.894865193168022,mma,
2,16,8192,128,True,fp16,ok,0.4360960125923157,0.0021812624232261943,mma,0.894865193168022,mma,
2,16,8192,128,True,fp8,ok,0.38553598523139954,0.0045670012423050165,mma,0.448432596584011,mma,
2,16,8192,128,False,bf16,ok,0.9246079921722412,0.005724604458951555,mma,1.787730386336044,mma,
2,16,8192,128,False,fp16,ok,0.950111985206604,0.002933159652082815,mma,1.787730386336044,mma,
2,16,8192,128,False,fp8,ok,0.6766719818115234,0.004207121670923155,mma,0.894865193168022,mma,
2,16,16384,64,True,bf16,ok,1.340000033378601,0.0046270296764391716,mma,1.787730386336044,mma,
2,16,16384,64,True,fp16,ok,1.321727991104126,0.005126833665966053,mma,1.787730386336044,mma,
2,16,16384,64,True,fp8,ok,1.2927039861679077,0.006915132684428596,mufu,1.787730386336044,mufu,
2,16,16384,64,False,bf16,ok,3.0600640773773193,0.015071568756728429,mma,3.5734607726720884,mma,
2,16,16384,64,False,fp16,ok,3.041696071624756,0.0023556316290391337,mma,3.5734607726720884,mma,
2,16,16384,64,False,fp8,ok,2.402400016784668,0.008151524040074519,mufu,3.5734607726720884,mufu,
2,16,16384,128,True,bf16,ok,1.5055040121078491,0.0048673046513921575,mma,3.5734607726720884,mma,
2,16,16384,128,True,fp16,ok,1.5531519651412964,0.0060361681449911915,mma,3.5734607726720884,mma,
2,16,16384,128,True,fp8,ok,1.590432047843933,0.1856390326026451,mma,1.787730386336044,mma,
2,16,16384,128,False,bf16,ok,3.8878719806671143,0.040235998557879994,mma,7.144921545344177,mma,
2,16,16384,128,False,fp16,ok,3.9490880966186523,0.11376112342300518,mma,7.144921545344177,mma,
2,16,16384,128,False,fp8,ok,2.7981441020965576,0.09719706891898658,mma,3.5734607726720884,mma,
2,16,32768,64,True,bf16,ok,5.034912109375,0.02298219611350989,mma,7.144921545344177,mma,
2,16,32768,64,True,fp16,ok,5.081664085388184,0.10968070325165045,mma,7.144921545344177,mma,
2,16,32768,64,True,fp8,ok,4.928895950317383,0.06745090644311187,mufu,7.144921545344177,mufu,
2,16,32768,64,False,bf16,ok,11.977151870727539,0.01312676684206168,mma,14.287843090688353,mma,
2,16,32768,64,False,fp16,ok,11.982399940490723,0.005873526857485332,mma,14.287843090688353,mma,
2,16,32768,64,False,fp8,ok,9.407520294189453,0.0048419153111784515,mufu,14.287843090688353,mufu,
2,16,32768,128,True,bf16,ok,6.127711772918701,0.3183236962378219,mma,14.287843090688353,mma,
2,16,32768,128,True,fp16,ok,6.644480228424072,0.09102231510224686,mma,14.287843090688353,mma,
2,16,32768,128,True,fp8,ok,5.901311874389648,0.533349626190424,mma,7.144921545344177,mma,
2,16,32768,128,False,bf16,ok,15.529376029968262,0.13989908595045653,mma,28.573686181376708,mma,
2,16,32768,128,False,fp16,ok,15.99135971069336,0.16962967454852818,mma,28.573686181376708,mma,
2,16,32768,128,False,fp8,ok,10.144384384155273,0.2788041178281778,mma,14.287843090688353,mma,
2,32,1024,64,True,bf16,ok,0.07068800181150436,0.004802452582190327,hbm,0.09562285714285715,hbm,
2,32,1024,64,True,fp16,ok,0.07145600020885468,0.0013587373015671166,hbm,0.09562285714285715,hbm,
2,32,1024,64,True,fp8,ok,0.07475200295448303,0.0032416791849267943,hbm,0.04881142857142857,hbm,
2,32,1024,64,False,bf16,ok,0.08297599852085114,0.003792749721729486,tma,0.13658282051282053,tma,
2,32,1024,64,False,fp16,ok,0.0835840031504631,0.0034396189713797893,tma,0.13658282051282053,tma,
2,32,1024,64,False,fp8,ok,0.08057600259780884,0.003891756397826019,tma,0.06936641025641026,tma,
2,32,1024,128,True,bf16,ok,0.07423999905586243,0.006148132367491435,hbm,0.1892457142857143,hbm,
2,32,1024,128,True,fp16,ok,0.07468800246715546,0.0029852761480074377,hbm,0.1892457142857143,hbm,
2,32,1024,128,True,fp8,ok,0.07699199765920639,0.0023330821339293583,hbm,0.09562285714285715,hbm,
2,32,1024,128,False,bf16,ok,0.08915200084447861,0.004277766511374208,tma,0.271015641025641,tma,
2,32,1024,128,False,fp16,ok,0.08876799792051315,0.0019577361892126016,tma,0.271015641025641,tma,
2,32,1024,128,False,fp8,ok,0.08233600109815598,0.004340089671499538,tma,0.13658282051282053,tma,
2,32,2048,64,True,bf16,ok,0.11196800321340561,0.0009770226804863978,hbm,0.1892457142857143,hbm,
2,32,2048,64,True,fp16,ok,0.1117440015077591,0.0015221368956828388,hbm,0.1892457142857143,hbm,
2,32,2048,64,True,fp8,ok,0.11260800063610077,0.0012174312926002823,hbm,0.09562285714285715,hbm,
2,32,2048,64,False,bf16,ok,0.16595199704170227,0.0038129332256134165,tma,0.271015641025641,tma,
2,32,2048,64,False,fp16,ok,0.16527999937534332,0.0012418716658283068,tma,0.271015641025641,tma,
2,32,2048,64,False,fp8,ok,0.1467200070619583,0.009841847879987146,mufu,0.13658282051282053,tma,
2,32,2048,128,True,bf16,ok,0.12281599640846252,0.002479827750012359,hbm,0.3764914285714286,hbm,
2,32,2048,128,True,fp16,ok,0.12451200187206268,0.006567167077426834,hbm,0.3764914285714286,hbm,
2,32,2048,128,True,fp8,ok,0.1189119964838028,0.0013854555897364982,hbm,0.1892457142857143,hbm,
2,32,2048,128,False,bf16,ok,0.19142399728298187,0.0025194782450080225,tma,0.539881282051282,tma,
2,32,2048,128,False,fp16,ok,0.1894720047712326,0.002862900436335904,tma,0.539881282051282,tma,
2,32,2048,128,False,fp8,ok,0.15244799852371216,0.002226219744305595,tma,0.271015641025641,tma,
2,32,4096,64,True,bf16,ok,0.24771200120449066,0.002317317007963659,hbm,0.3764914285714286,hbm,
2,32,4096,64,True,fp16,ok,0.24828800559043884,0.0027127222446593335,hbm,0.3764914285714286,hbm,
2,32,4096,64,True,fp8,ok,0.24380800127983093,0.002285390874316149,mufu,0.2252162982920055,mufu,
2,32,4096,64,False,bf16,ok,0.4387519955635071,0.00398739648539204,mma,0.539881282051282,tma,
2,32,4096,64,False,fp16,ok,0.4370880126953125,0.0054058299041666496,mma,0.539881282051282,tma,
2,32,4096,64,False,fp8,ok,0.3616960048675537,0.0037417126010391264,mufu,0.448432596584011,mufu,
2,32,4096,128,True,bf16,ok,0.2677119970321655,0.0025048066745795104,mma,0.539881282051282,tma,
2,32,4096,128,True,fp16,ok,0.26921600103378296,0.0038475529378464123,mma,0.539881282051282,tma,
2,32,4096,128,True,fp8,ok,0.25065600872039795,0.0032608424413933623,hbm,0.3764914285714286,hbm,
2,32,4096,128,False,bf16,ok,0.49616000056266785,0.005112952995289786,mma,1.077612564102564,tma,
2,32,4096,128,False,fp16,ok,0.5047360062599182,0.002608331253783984,mma,1.077612564102564,tma,
2,32,4096,128,False,fp8,ok,0.36851200461387634,0.003605778294718853,mma,0.539881282051282,tma,
2,32,8192,64,True,bf16,ok,0.7143999934196472,0.0023493063498006297,mma,0.894865193168022,mma,
2,32,8192,64,True,fp16,ok,0.714847981929779,0.0032695314508649825,mma,0.894865193168022,mma,
2,32,8192,64,True,fp8,ok,0.7111679911613464,0.002653095567177202,mufu,0.894865193168022,mufu,
2,32,8192,64,False,bf16,ok,1.5529279708862305,0.006257582857479498,mma,1.787730386336044,mma,
2,32,8192,64,False,fp16,ok,1.5566719770431519,0.02361093878075901,mma,1.787730386336044,mma,
2,32,8192,64,False,fp8,ok,1.2368320226669312,0.001494510503466237,mufu,1.787730386336044,mufu,
2,32,8192,128,True,bf16,ok,0.8186560273170471,0.002933130511400088,mma,1.787730386336044,mma,
2,32,8192,128,True,fp16,ok,0.8404800295829773,0.0018485622284370264,mma,1.787730386336044,mma,
2,32,8192,128,True,fp8,ok,0.7973759770393372,0.0028757724356926824,mma,0.894865193168022,mma,
2,32,8192,128,False,bf16,ok,1.9738880395889282,0.06111228102937023,mma,3.5734607726720884,mma,
2,32,8192,128,False,fp16,ok,1.9778560400009155,0.016813163095168216,mma,3.5734607726720884,mma,
2,32,8192,128,False,fp8,ok,1.4094079732894897,0.011355370074718707,mma,1.787730386336044,mma,
2,32,16384,64,True,bf16,ok,2.7435519695281982,0.08011284167564596,mma,3.5734607726720884,mma,
2,32,16384,64,True,fp16,ok,2.586591958999634,0.011148274123155279,mma,3.5734607726720884,mma,
2,32,16384,64,True,fp8,ok,2.5594561100006104,0.020779374901955767,mufu,3.5734607726720884,mufu,
2,32,16384,64,False,bf16,ok,6.028287887573242,0.062466840425978505,mma,7.144921545344177,mma,
2,32,16384,64,False,fp16,ok,6.03056001663208,0.011681388227909519,mma,7.144921545344177,mma,
2,32,16384,64,False,fp8,ok,4.74294376373291,0.0027689569310581055,mufu,7.144921545344177,mufu,
2,32,16384,128,True,bf16,ok,3.0038399696350098,0.009642594125723243,mma,7.144921545344177,mma,
2,32,16384,128,True,fp16,ok,3.267712116241455,0.022646407967668092,mma,7.144921545344177,mma,
2,32,16384,128,True,fp8,ok,3.22160005569458,0.1595907755335848,mma,3.5734607726720884,mma,
2,32,16384,128,False,bf16,ok,7.588736057281494,0.23351803406686789,mma,14.287843090688353,mma,
2,32,16384,128,False,fp16,ok,8.127296447753906,0.27144915996191715,mma,14.287843090688353,mma,
2,32,16384,128,False,fp8,ok,5.696191787719727,0.3847867438333728,mma,7.144921545344177,mma,
2,32,32768,64,True,bf16,ok,10.058079719543457,0.050453205205441276,mma,14.287843090688353,mma,
2,32,32768,64,True,fp16,ok,10.460063934326172,0.10114927468559726,mma,14.287843090688353,mma,
2,32,32768,64,True,fp8,ok,9.686816215515137,0.12539276216161008,mufu,14.287843090688353,mufu,
2,32,32768,64,False,bf16,ok,23.874176025390625,0.010070765740882717,mma,28.573686181376708,mma,
2,32,32768,64,False,fp16,ok,23.88275146484375,0.010739215814352105,mma,28.573686181376708,mma,
2,32,32768,64,False,fp8,ok,18.743200302124023,0.008113719892327032,mufu,28.573686181376708,mufu,
2,32,32768,128,True,bf16,ok,12.962559700012207,0.4898262233018527,mma,28.573686181376708,mma,
2,32,32768,128,True,fp16,ok,13.709792137145996,0.7360345105350341,mma,28.573686181376708,mma,
2,32,32768,128,True,fp8,ok,10.026047706604004,0.8885236877676954,mma,14.287843090688353,mma,
2,32,32768,128,False,bf16,ok,31.356735229492188,0.3970688118390047,mma,57.14537236275341,mma,
2,32,32768,128,False,fp16,ok,32.221534729003906,0.19499350745563215,mma,57.14537236275341,mma,
2,32,32768,128,False,fp8,ok,19.989120483398438,0.07686494290798056,mma,28.573686181376708,mma,
2,64,1024,64,True,bf16,ok,0.09107200056314468,0.0025529501022531413,hbm,0.1892457142857143,hbm,
2,64,1024,64,True,fp16,ok,0.09132800251245499,0.0015808765722385935,hbm,0.1892457142857143,hbm,
2,64,1024,64,True,fp8,ok,0.09433600306510925,0.00512821319873201,hbm,0.09562285714285715,hbm,
2,64,1024,64,False,bf16,ok,0.11379200220108032,0.0019404510638730938,tma,0.271015641025641,tma,
2,64,1024,64,False,fp16,ok,0.11472000181674957,0.0016136697638881928,tma,0.271015641025641,tma,
2,64,1024,64,False,fp8,ok,0.10473600029945374,0.0023923289334284305,tma,0.13658282051282053,tma,
2,64,1024,128,True,bf16,ok,0.10076799988746643,0.003570604227377075,hbm,0.3764914285714286,hbm,
2,64,1024,128,True,fp16,ok,0.10147199779748917,0.003320715123781694,hbm,0.3764914285714286,hbm,
2,64,1024,128,True,fp8,ok,0.09923200309276581,0.0024098368611941427,hbm,0.1892457142857143,hbm,
2,64,1024,128,False,bf16,ok,0.12883199751377106,0.0027620643346152637,tma,0.539881282051282,tma,
2,64,1024,128,False,fp16,ok,0.13017599284648895,0.0015101486478504796,tma,0.539881282051282,tma,
2,64,1024,128,False,fp8,ok,0.10972800105810165,0.0013404533832782526,tma,0.271015641025641,tma,
2,64,2048,64,True,bf16,ok,0.17535999417304993,0.003888362507793094,hbm,0.3764914285714286,hbm,
2,64,2048,64,True,fp16,ok,0.1761920005083084,0.010152364550011311,hbm,0.3764914285714286,hbm,
2,64,2048,64,True,fp8,ok,0.17046399414539337,0.0010666616099152333,hbm,0.1892457142857143,hbm,
2,64,2048,64,False,bf16,ok,0.24963200092315674,0.004477401488505694,tma,0.539881282051282,tma,
2,64,2048,64,False,fp16,ok,0.25046399235725403,0.004377887165850807,tma,0.539881282051282,tma,
2,64,2048,64,False,fp8,ok,0.21612800657749176,0.00259584841624455,mufu,0.271015641025641,tma,
2,64,2048,128,True,bf16,ok,0.18646399676799774,0.0029645904268747374,tma,0.539881282051282,tma,
2,64,2048,128,True,fp16,ok,0.18755200505256653,0.003264909329717413,tma,0.539881282051282,tma,
2,64,2048,128,True,fp8,ok,0.1796479970216751,0.009133643038145654,hbm,0.3764914285714286,hbm,
2,64,2048,128,False,bf16,ok,0.28627198934555054,0.004734238996300259,tma,1.077612564102564,tma,
2,64,2048,128,False,fp16,ok,0.29017600417137146,0.005001676368361302,tma,1.077612564102564,tma,
2,64,2048,128,False,fp8,ok,0.22259199619293213,0.0028007591736560747,tma,0.539881282051282,tma,
2,64,4096,64,True,bf16,ok,0.4338879883289337,0.0061302117049913075,mma,0.539881282051282,tma,
2,64,4096,64,True,fp16,ok,0.4343680143356323,0.0024364777057551417,mma,0.539881282051282,tma,
2,64,4096,64,True,fp8,ok,0.42640000581741333,0.003278534766377089,mufu,0.448432596584011,mufu,
2,64,4096,64,False,bf16,ok,0.8089280128479004,0.0018517506250860882,mma,1.077612564102564,tma,
2,64,4096,64,False,fp16,ok,0.8102719783782959,0.007686569983650324,mma,1.077612564102564,tma,
2,64,4096,64,False,fp8,ok,0.6535680294036865,0.004475405654163209,mufu,0.894865193168022,mufu,
2,64,4096,128,True,bf16,ok,0.477183997631073,0.0030884732546906297,mma,1.077612564102564,tma,
2,64,4096,128,True,fp16,ok,0.4880639910697937,0.0033241841554333437,mma,1.077612564102564,tma,
2,64,4096,128,True,fp8,ok,0.43702399730682373,0.004417134085165952,mma,0.539881282051282,tma,
2,64,4096,128,False,bf16,ok,0.9496319890022278,0.0034916840628780327,mma,2.1530751282051277,tma,
2,64,4096,128,False,fp16,ok,0.9718719720840454,0.0020732252815689185,mma,2.1530751282051277,tma,
2,64,4096,128,False,fp8,ok,0.6692479848861694,0.0042950109997268275,mma,1.077612564102564,tma,
2,64,8192,64,True,bf16,ok,1.4223999977111816,0.024276921572400273,mma,1.787730386336044,mma,
2,64,8192,64,True,fp16,ok,1.401311993598938,0.011236126276670016,mma,1.787730386336044,mma,
2,64,8192,64,True,fp8,ok,1.3738240003585815,0.00734997645969321,mufu,1.787730386336044,mufu,
2,64,8192,64,False,bf16,ok,3.0819199085235596,0.00480017143276212,mma,3.5734607726720884,mma,
2,64,8192,64,False,fp16,ok,3.054271936416626,0.009486768355192032,mma,3.5734607726720884,mma,
2,64,8192,64,False,fp8,ok,2.415168046951294,0.0020199348001705563,mufu,3.5734607726720884,mufu,
2,64,8192,128,True,bf16,ok,1.6149439811706543,0.0031974852220611706,mma,3.5734607726720884,mma,
2,64,8192,128,True,fp16,ok,1.668511986732483,0.004358050868732178,mma,3.5734607726720884,mma,
2,64,8192,128,True,fp8,ok,1.6672639846801758,0.11095206450187992,mma,1.787730386336044,mma,
2,64,8192,128,False,bf16,ok,3.882783889770508,0.03894018206913356,mma,7.144921545344177,mma,
2,64,8192,128,False,fp16,ok,4.026303768157959,0.1419343641969742,mma,7.144921545344177,mma,
2,64,8192,128,False,fp8,ok,2.716928005218506,0.04048717166970377,mma,3.5734607726720884,mma,
2,64,16384,64,True,bf16,ok,5.0944318771362305,0.03015702728009135,mma,7.144921545344177,mma,
2,64,16384,64,True,fp16,ok,5.255263805389404,0.09014793864781681,mma,7.144921545344177,mma,
2,64,16384,64,True,fp8,ok,5.067008018493652,0.04561344232461414,mufu,7.144921545344177,mufu,
2,64,16384,64,False,bf16,ok,11.974431991577148,0.005221093427560646,mma,14.287843090688353,mma,
2,64,16384,64,False,fp16,ok,11.984383583068848,0.008176684306408983,mma,14.287843090688353,mma,
2,64,16384,64,False,fp8,ok,9.435903549194336,0.017682699803837968,mufu,14.287843090688353,mufu,
2,64,16384,128,True,bf16,ok,6.010079860687256,0.4017629636141639,mma,14.287843090688353,mma,
2,64,16384,128,True,fp16,ok,6.850111961364746,0.18593597133560194,mma,14.287843090688353,mma,
2,64,16384,128,True,fp8,ok,5.828959941864014,0.4044073259040261,mma,7.144921545344177,mma,
2,64,16384,128,False,bf16,ok,15.891200065612793,0.15740794163000307,mma,28.573686181376708,mma,
2,64,16384,128,False,fp16,ok,16.179872512817383,0.0858312346207939,mma,28.573686181376708,mma,
2,64,16384,128,False,fp8,ok,10.086400032043457,0.19085657448114576,mma,14.287843090688353,mma,
2,64,32768,64,True,bf16,ok,20.19215965270996,0.12169587770444432,mma,28.573686181376708,mma,
2,64,32768,64,True,fp16,ok,20.995071411132812,0.11224498771807354,mma,28.573686181376708,mma,
2,64,32768,64,True,fp8,ok,18.903423309326172,0.07419375996198989,mufu,28.573686181376708,mufu,
2,64,32768,64,False,bf16,ok,47.29779052734375,0.01343659531225248,mma,57.14537236275341,mma,
2,64,32768,64,False,fp16,ok,47.355934143066406,0.05765669646805433,mma,57.14537236275341,mma,
2,64,32768,64,False,fp8,ok,37.108001708984375,0.007365290401825284,mufu,57.14537236275341,mufu,
2,64,32768,128,True,bf16,ok,25.72256088256836,0.3125545384198914,mma,57.14537236275341,mma,
2,64,32768,128,True,fp16,ok,27.45952033996582,0.5302947392528383,mma,57.14537236275341,mma,
2,64,32768,128,True,fp8,ok,19.63689613342285,0.12904520124548277,mma,28.573686181376708,mma,
2,64,32768,128,False,bf16,ok,70.63471984863281,23.06784663710121,mma,114.28874472550683,mma,
2,64,32768,128,False,fp16,ok,64.87673950195312,1.0548284199739941,mma,114.28874472550683,mma,
2,64,32768,128,False,fp8,ok,39.107391357421875,0.8222175012022095,mma,57.14537236275341,mma,
4,16,1024,64,True,bf16,ok,0.07382400333881378,0.0026180810301863447,hbm,0.09562285714285715,hbm,
4,16,1024,64,True,fp16,ok,0.07420799881219864,0.005830493578737538,hbm,0.09562285714285715,hbm,
4,16,1024,64,True,fp8,ok,0.07715199887752533,0.009370427675668836,hbm,0.04881142857142857,hbm,
4,16,1024,64,False,bf16,ok,0.08371199667453766,0.0022302633566929175,tma,0.13658282051282053,tma,
4,16,1024,64,False,fp16,ok,0.08179199695587158,0.0012677006714360485,tma,0.13658282051282053,tma,
4,16,1024,64,False,fp8,ok,0.08137600123882294,0.0026198601588019025,tma,0.06936641025641026,tma,
4,16,1024,128,True,bf16,ok,0.07577600330114365,0.0019379415775060995,hbm,0.1892457142857143,hbm,
4,16,1024,128,True,fp16,ok,0.07420799881219864,0.004054971078389426,hbm,0.1892457142857143,hbm,
4,16,1024,128,True,fp8,ok,0.07715199887752533,0.006359471152972707,hbm,0.09562285714285715,hbm,
4,16,1024,128,False,bf16,ok,0.09033600240945816,0.0029243703469093688,tma,0.271015641025641,tma,
4,16,1024,128,False,fp16,ok,0.09120000153779984,0.005635626090351335,tma,0.271015641025641,tma,
4,16,1024,128,False,fp8,ok,0.08339200168848038,0.0033644768701335402,tma,0.13658282051282053,tma,
4,16,2048,64,True,bf16,ok,0.11228799819946289,0.0032270231268815477,hbm,0.1892457142857143,hbm,
4,16,2048,64,True,fp16,ok,0.11187200248241425,0.0025716335397546353,hbm,0.1892457142857143,hbm,
4,16,2048,64,True,fp8,ok,0.11574400216341019,0.003493309941160887,hbm,0.09562285714285715,hbm,
4,16,2048,64,False,bf16,ok,0.16687999665737152,0.003160817491075224,tma,0.271015641025641,tma,
4,16,2048,64,False,fp16,ok,0.16771200299263,0.007448930490171364,tma,0.271015641025641,tma,
4,16,2048,64,False,fp8,ok,0.1483519971370697,0.004687658731914442,mufu,0.13658282051282053,tma,
4,16,2048,128,True,bf16,ok,0.12435200065374374,0.0035013454451883687,hbm,0.3764914285714286,hbm,
4,16,2048,128,True,fp16,ok,0.12415999919176102,0.004674595207232152,hbm,0.3764914285714286,hbm,
4,16,2048,128,True,fp8,ok,0.12003199756145477,0.004641920145853789,hbm,0.1892457142857143,hbm,
4,16,2048,128,False,bf16,ok,0.19091199338436127,0.003551181335397264,tma,0.539881282051282,tma,
4,16,2048,128,False,fp16,ok,0.191103994846344,0.0022849190061129264,tma,0.539881282051282,tma,
4,16,2048,128,False,fp8,ok,0.15478399395942688,0.004456441001348187,tma,0.271015641025641,tma,
4,16,4096,64,True,bf16,ok,0.24931199848651886,0.0033728482778359256,hbm,0.3764914285714286,hbm,
4,16,4096,64,True,fp16,ok,0.24985599517822266,0.0037743757887101896,hbm,0.3764914285714286,hbm,
4,16,4096,64,True,fp8,ok,0.24483199417591095,0.0017475047803450444,mufu,0.2252162982920055,mufu,
4,16,4096,64,False,bf16,ok,0.4396800100803375,0.002727086067538589,mma,0.539881282051282,tma,
4,16,4096,64,False,fp16,ok,0.43753600120544434,0.011694142076488353,mma,0.539881282051282,tma,
4,16,4096,64,False,fp8,ok,0.36111998558044434,0.0026572315201530026,mufu,0.448432596584011,mufu,
4,16,4096,128,True,bf16,ok,0.26710399985313416,0.0024070717360210273,mma,0.539881282051282,tma,
4,16,4096,128,True,fp16,ok,0.2682560086250305,0.002188383662378227,mma,0.539881282051282,tma,
4,16,4096,128,True,fp8,ok,0.2516160011291504,0.002438980043687664,hbm,0.3764914285714286,hbm,
4,16,4096,128,False,bf16,ok,0.49724799394607544,0.00707455661001597,mma,1.077612564102564,tma,
4,16,4096,128,False,fp16,ok,0.5043519735336304,0.002436473825836801,mma,1.077612564102564,tma,
4,16,4096,128,False,fp8,ok,0.3704639971256256,0.007852139381597496,mma,0.539881282051282,tma,
4,16,8192,64,True,bf16,ok,0.7142400145530701,0.005468883399723192,mma,0.894865193168022,mma,
4,16,8192,64,True,fp16,ok,0.7162560224533081,0.002985894111045374,mma,0.894865193168022,mma,
4,16,8192,64,True,fp8,ok,0.715008020401001,0.005743968257243695,mufu,0.894865193168022,mufu,
4,16,8192,64,False,bf16,ok,1.5617599487304688,0.005090900416533068,mma,1.787730386336044,mma,
4,16,8192,64,False,fp16,ok,1.5558719635009766,0.0037517564396792034,mma,1.787730386336044,mma,
4,16,8192,64,False,fp8,ok,1.2396160364151,0.0068416235043728185,mufu,1.787730386336044,mufu,
4,16,8192,128,True,bf16,ok,0.8197119832038879,0.00463507951317203,mma,1.787730386336044,mma,
4,16,8192,128,True,fp16,ok,0.8399680256843567,0.002744126893199982,mma,1.787730386336044,mma,
4,16,8192,128,True,fp8,ok,0.707584023475647,0.004634255808301304,mma,0.894865193168022,mma,
4,16,8192,128,False,bf16,ok,1.8937599658966064,0.032004225846593216,mma,3.5734607726720884,mma,
4,16,8192,128,False,fp16,ok,1.8707200288772583,0.008424797749197724,mma,3.5734607726720884,mma,
4,16,8192,128,False,fp8,ok,1.477023959159851,0.004480843899620573,mma,1.787730386336044,mma,
4,16,16384,64,True,bf16,ok,2.6563520431518555,0.11318141429774776,mma,3.5734607726720884,mma,
4,16,16384,64,True,fp16,ok,2.603231906890869,0.014488553735519494,mma,3.5734607726720884,mma,
4,16,16384,64,True,fp8,ok,2.5268800258636475,0.011621496085735617,mufu,3.5734607726720884,mufu,
4,16,16384,64,False,bf16,ok,6.030816078186035,0.007724942272931146,mma,7.144921545344177,mma,
4,16,16384,64,False,fp16,ok,6.030752182006836,0.0056014442337009585,mma,7.144921545344177,mma,
4,16,16384,64,False,fp8,ok,4.7475199699401855,0.0033851818173248516,mufu,7.144921545344177,mufu,
4,16,16384,128,True,bf16,ok,2.995584011077881,0.009326367883002323,mma,7.144921545344177,mma,
4,16,16384,128,True,fp16,ok,3.194240093231201,0.1557827627373555,mma,7.144921545344177,mma,
4,16,16384,128,True,fp8,ok,3.187808036804199,0.22551821691221216,mma,3.5734607726720884,mma,
4,16,16384,128,False,bf16,ok,7.632319927215576,0.1946138893390593,mma,14.287843090688353,mma,
4,16,16384,128,False,fp16,ok,7.998784065246582,0.1634790506873252,mma,14.287843090688353,mma,
4,16,16384,128,False,fp8,ok,5.411424160003662,0.18120936597923332,mma,7.144921545344177,mma,
4,16,32768,64,True,bf16,ok,9.960479736328125,0.048612751929442824,mma,14.287843090688353,mma,
4,16,32768,64,True,fp16,ok,10.489888191223145,0.3092375080706765,mma,14.287843090688353,mma,
4,16,32768,64,True,fp8,ok,9.569600105285645,0.10158284147730673,mufu,14.287843090688353,mufu,
4,16,32768,64,False,bf16,ok,23.871583938598633,0.03187769075112866,mma,28.573686181376708,mma,
4,16,32768,64,False,fp16,ok,23.900352478027344,0.06472725114587977,mma,28.573686181376708,mma,
4,16,32768,64,False,fp8,ok,18.747167587280273,0.005114595564912341,mufu,28.573686181376708,mufu,
4,16,32768,128,True,bf16,ok,12.6463041305542,0.1354140197305498,mma,28.573686181376708,mma,
4,16,32768,128,True,fp16,ok,13.651264190673828,0.28443115923778584,mma,28.573686181376708,mma,
4,16,32768,128,True,fp8,ok,10.358783721923828,0.9214390604837789,mma,14.287843090688353,mma,
4,16,32768,128,False,bf16,ok,30.881439208984375,0.2739933305070296,mma,57.14537236275341,mma,
4,16,32768,128,False,fp16,ok,32.14191818237305,0.25730634251796847,mma,57.14537236275341,mma,
4,16,32768,128,False,fp8,ok,19.825088500976562,0.08138211712411639,mma,28.573686181376708,mma,
4,32,1024,64,True,bf16,ok,0.09123200178146362,0.0025290737252917257,hbm,0.1892457142857143,hbm,
4,32,1024,64,True,fp16,ok,0.09321600198745728,0.0015263358147897933,hbm,0.1892457142857143,hbm,
4,32,1024,64,True,fp8,ok,0.09603200107812881,0.004453591328705847,hbm,0.09562285714285715,hbm,
4,32,1024,64,False,bf16,ok,0.1117440015077591,0.0018608206947633439,tma,0.271015641025641,tma,
4,32,1024,64,False,fp16,ok,0.11116799712181091,0.0018957683421546802,tma,0.271015641025641,tma,
4,32,1024,64,False,fp8,ok,0.10534399747848511,0.0022846743816919987,tma,0.13658282051282053,tma,
4,32,1024,128,True,bf16,ok,0.10169599950313568,0.005839390437575524,hbm,0.3764914285714286,hbm,
4,32,1024,128,True,fp16,ok,0.0981760025024414,0.0032921296465369177,hbm,0.3764914285714286,hbm,
4,32,1024,128,True,fp8,ok,0.09679999947547913,0.003044745321125609,hbm,0.1892457142857143,hbm,
4,32,1024,128,False,bf16,ok,0.12476799637079239,0.0013868249664284833,tma,0.539881282051282,tma,
4,32,1024,128,False,fp16,ok,0.1263040006160736,0.0018295790281744942,tma,0.539881282051282,tma,
4,32,1024,128,False,fp8,ok,0.10623999685049057,0.004049890969615645,tma,0.271015641025641,tma,
4,32,2048,64,True,bf16,ok,0.1727679967880249,0.0023069090537867066,hbm,0.3764914285714286,hbm,
4,32,2048,64,True,fp16,ok,0.17494399845600128,0.005884965730721799,hbm,0.3764914285714286,hbm,
4,32,2048,64,True,fp8,ok,0.17180800437927246,0.004043916844548507,hbm,0.1892457142857143,hbm,
4,32,2048,64,False,bf16,ok,0.2553279995918274,0.007476596011681009,tma,0.539881282051282,tma,
4,32,2048,64,False,fp16,ok,0.2545279860496521,0.004532611467206813,tma,0.539881282051282,tma,
4,32,2048,64,False,fp8,ok,0.21609599888324738,0.010609559492371468,mufu,0.271015641025641,tma,
4,32,2048,128,True,bf16,ok,0.18719999492168427,0.0026247208638928974,tma,0.539881282051282,tma,
4,32,2048,128,True,fp16,ok,0.18796800076961517,0.0028160927343259356,tma,0.539881282051282,tma,
4,32,2048,128,True,fp8,ok,0.1791359931230545,0.006446759646524627,hbm,0.3764914285714286,hbm,
4,32,2048,128,False,bf16,ok,0.2869119942188263,0.0041560385813688315,tma,1.077612564102564,tma,
4,32,2048,128,False,fp16,ok,0.2895039916038513,0.003448159618095341,tma,1.077612564102564,tma,
4,32,2048,128,False,fp8,ok,0.2237119972705841,0.004172915977729523,tma,0.539881282051282,tma,
4,32,4096,64,True,bf16,ok,0.4323199987411499,0.006045806523687705,mma,0.539881282051282,tma,
4,32,4096,64,True,fp16,ok,0.4323520064353943,0.005325810024839056,mma,0.539881282051282,tma,
4,32,4096,64,True,fp8,ok,0.42924800515174866,0.0033270148030278097,mufu,0.448432596584011,mufu,
4,32,4096,64,False,bf16,ok,0.8092799782752991,0.004691935375796018,mma,1.077612564102564,tma,
4,32,4096,64,False,fp16,ok,0.81113600730896,0.0038127249127313583,mma,1.077612564102564,tma,
4,32,4096,64,False,fp8,ok,0.6564159989356995,0.006022664353281863,mufu,0.894865193168022,mufu,
4,32,4096,128,True,bf16,ok,0.4780159890651703,0.0061731597214234515,mma,1.077612564102564,tma,
4,32,4096,128,True,fp16,ok,0.4886719882488251,0.00808658733291159,mma,1.077612564102564,tma,
4,32,4096,128,True,fp8,ok,0.4366399943828583,0.00590339694924933,mma,0.539881282051282,tma,
4,32,4096,128,False,bf16,ok,0.9503679871559143,0.002444249453118729,mma,2.1530751282051277,tma,
4,32,4096,128,False,fp16,ok,0.972320020198822,0.0033826066139925923,mma,2.1530751282051277,tma,
4,32,4096,128,False,fp8,ok,0.68476802110672,0.00799178000538816,mma,1.077612564102564,tma,
4,32,8192,64,True,bf16,ok,1.3997119665145874,0.006226097848380127,mma,1.787730386336044,mma,
4,32,8192,64,True,fp16,ok,1.386080026626587,0.059295862367178424,mma,1.787730386336044,mma,
4,32,8192,64,True,fp8,ok,1.3691519498825073,0.004389731904579576,mufu,1.787730386336044,mufu,
4,32,8192,64,False,bf16,ok,3.054624080657959,0.006576781139783555,mma,3.5734607726720884,mma,
4,32,8192,64,False,fp16,ok,3.0566399097442627,0.005518450384081998,mma,3.5734607726720884,mma,
4,32,8192,64,False,fp8,ok,2.416735887527466,0.0016961436155013617,mufu,3.5734607726720884,mufu,
4,32,8192,128,True,bf16,ok,1.6134400367736816,0.006540603421039319,mma,3.5734607726720884,mma,
4,32,8192,128,True,fp16,ok,1.6899199485778809,0.00799156934614138,mma,3.5734607726720884,mma,
4,32,8192,128,True,fp8,ok,1.6486400365829468,0.05121186713678008,mma,1.787730386336044,mma,
4,32,8192,128,False,bf16,ok,3.8477439880371094,0.04247445383950132,mma,7.144921545344177,mma,
4,32,8192,128,False,fp16,ok,4.051616191864014,0.09772231120588296,mma,7.144921545344177,mma,
4,32,8192,128,False,fp8,ok,2.9335999488830566,0.06623365558120661,mma,3.5734607726720884,mma,
4,32,16384,64,True,bf16,ok,5.113311767578125,0.05387269829479311,mma,7.144921545344177,mma,
4,32,16384,64,True,fp16,ok,5.258080005645752,0.0808247735703319,mma,7.144921545344177,mma,
4,32,16384,64,True,fp8,ok,5.090367794036865,0.07910470084707279,mufu,7.144921545344177,mufu,
4,32,16384,64,False,bf16,ok,11.978528022766113,0.01970913189435114,mma,14.287843090688353,mma,
4,32,16384,64,False,fp16,ok,11.984095573425293,0.010854856415338645,mma,14.287843090688353,mma,
4,32,16384,64,False,fp8,ok,9.427680015563965,0.009486988426287549,mufu,14.287843090688353,mufu,
4,32,16384,128,True,bf16,ok,6.478687763214111,0.3711058547432268,mma,14.287843090688353,mma,
4,32,16384,128,True,fp16,ok,6.792736053466797,0.11438065695969397,mma,14.287843090688353,mma,
4,32,16384,128,True,fp8,ok,5.442848205566406,0.4943125232472984,mma,7.144921545344177,mma,
4,32,16384,128,False,bf16,ok,15.698495864868164,0.062841378181079,mma,28.573686181376708,mma,
4,32,16384,128,False,fp16,ok,16.381120681762695,0.16565659621488468,mma,28.573686181376708,mma,
4,32,16384,128,False,fp8,ok,10.11622428894043,0.16018124040361784,mma,14.287843090688353,mma,
4,32,32768,64,True,bf16,ok,20.170495986938477,0.204135366931042,mma,28.573686181376708,mma,
4,32,32768,64,True,fp16,ok,20.939712524414062,0.20771159125659366,mma,28.573686181376708,mma,
4,32,32768,64,True,fp8,ok,18.90822410583496,0.08791322965269179,mufu,28.573686181376708,mufu,
4,32,32768,64,False,bf16,ok,47.318817138671875,0.026263299953230516,mma,57.14537236275341,mma,
4,32,32768,64,False,fp16,ok,47.33638381958008,0.026204630151745695,mma,57.14537236275341,mma,
4,32,32768,64,False,fp8,ok,37.112449645996094,0.01577159063883611,mufu,57.14537236275341,mufu,
4,32,32768,128,True,bf16,ok,25.70732879638672,0.3454776753520517,mma,57.14537236275341,mma,
4,32,32768,128,True,fp16,ok,27.616031646728516,0.30355582528135183,mma,57.14537236275341,mma,
4,32,32768,128,True,fp8,ok,20.077951431274414,0.09171075715361447,mma,28.573686181376708,mma,
4,32,32768,128,False,bf16,ok,64.04249572753906,0.53880435546658,mma,114.28874472550683,mma,
4,32,32768,128,False,fp16,ok,65.07695770263672,0.8276333924111685,mma,114.28874472550683,mma,
4,32,32768,128,False,fp8,ok,39.41411209106445,0.6632888069415359,mma,57.14537236275341,mma,
4,64,1024,64,True,bf16,ok,0.13817599415779114,0.0015374003996492306,hbm,0.3764914285714286,hbm,
4,64,1024,64,True,fp16,ok,0.14000000059604645,0.0030218928311048863,hbm,0.3764914285714286,hbm,
4,64,1024,64,True,fp8,ok,0.13753600418567657,0.0036564942108208345,hbm,0.1892457142857143,hbm,
4,64,1024,64,False,bf16,ok,0.16451199352741241,0.007065527099656045,tma,0.539881282051282,tma,
4,64,1024,64,False,fp16,ok,0.15775999426841736,0.0038432797754429393,tma,0.539881282051282,tma,
4,64,1024,64,False,fp8,ok,0.14291200041770935,0.0029431150597989996,tma,0.271015641025641,tma,
4,64,1024,128,True,bf16,ok,0.14790399372577667,0.0040959039567784235,tma,0.539881282051282,tma,
4,64,1024,128,True,fp16,ok,0.14761599898338318,0.0027158542412054174,tma,0.539881282051282,tma,
4,64,1024,128,True,fp8,ok,0.1438719928264618,0.0014037752659017075,hbm,0.3764914285714286,hbm,
4,64,1024,128,False,bf16,ok,0.18323199450969696,0.003656149336950963,tma,1.077612564102564,tma,
4,64,1024,128,False,fp16,ok,0.18246400356292725,0.0024866503190800722,tma,1.077612564102564,tma,
4,64,1024,128,False,fp8,ok,0.15171200037002563,0.00382695213700281,tma,0.539881282051282,tma,
4,64,2048,64,True,bf16,ok,0.29414400458335876,0.003879544441667428,tma,0.539881282051282,tma,
4,64,2048,64,True,fp16,ok,0.2895680069923401,0.0030272063144209877,tma,0.539881282051282,tma,
4,64,2048,64,True,fp8,ok,0.28406399488449097,0.005519833114982562,hbm,0.3764914285714286,hbm,
4,64,2048,64,False,bf16,ok,0.44377601146698,0.00465529955809136,tma,1.077612564102564,tma,
4,64,2048,64,False,fp16,ok,0.4411199986934662,0.003287200208639399,tma,1.077612564102564,tma,
4,64,2048,64,False,fp8,ok,0.3675520122051239,0.0026471538572929274,mufu,0.539881282051282,tma,
4,64,2048,128,True,bf16,ok,0.3139840066432953,0.003997016149613482,tma,1.077612564102564,tma,
4,64,2048,128,True,fp16,ok,0.31632000207901,0.00561436005855911,tma,1.077612564102564,tma,
4,64,2048,128,True,fp8,ok,0.2988480031490326,0.004362746998097431,tma,0.539881282051282,tma,
4,64,2048,128,False,bf16,ok,0.5177279710769653,0.004084628420456971,tma,2.1530751282051277,tma,
4,64,2048,128,False,fp16,ok,0.5275840163230896,0.005702911398255853,tma,2.1530751282051277,tma,
4,64,2048,128,False,fp8,ok,0.3787519931793213,0.004346750522120218,tma,1.077612564102564,tma,
4,64,4096,64,True,bf16,ok,0.8007360100746155,0.006940826716350653,mma,1.077612564102564,tma,
4,64,4096,64,True,fp16,ok,0.8024320006370544,0.0030547523599382255,mma,1.077612564102564,tma,
4,64,4096,64,True,fp8,ok,0.794048011302948,0.005821355368506164,mufu,0.894865193168022,mufu,
4,64,4096,64,False,bf16,ok,1.5662720203399658,0.013731755392090246,mma,2.1530751282051277,tma,
4,64,4096,64,False,fp16,ok,1.5659840106964111,0.0039591409019196526,mma,2.1530751282051277,tma,
4,64,4096,64,False,fp8,ok,1.250815987586975,0.004766845301946754,mufu,1.787730386336044,mufu,
4,64,4096,128,True,bf16,ok,0.9128640294075012,0.0052222124181534255,mma,2.1530751282051277,tma,
4,64,4096,128,True,fp16,ok,0.9383360147476196,0.003797851485921258,mma,2.1530751282051277,tma,
4,64,4096,128,True,fp8,ok,0.8064320087432861,0.0051789733145832725,mma,1.077612564102564,tma,
4,64,4096,128,False,bf16,ok,1.8833279609680176,0.023674880720397765,mma,4.304000256410256,tma,
4,64,4096,128,False,fp16,ok,1.9143999814987183,0.007232087712312747,mma,4.304000256410256,tma,
4,64,4096,128,False,fp8,ok,1.4818559885025024,0.0022710236216204266,mma,2.1530751282051277,tma,
4,64,8192,64,True,bf16,ok,2.9699199199676514,0.09264589422242997,mma,3.5734607726720884,mma,
4,64,8192,64,True,fp16,ok,2.7157440185546875,0.01498733146432502,mma,3.5734607726720884,mma,
4,64,8192,64,True,fp8,ok,2.683199882507324,0.01381787813167764,mufu,3.5734607726720884,mufu,
4,64,8192,64,False,bf16,ok,6.037792205810547,0.009184645000286035,mma,7.144921545344177,mma,
4,64,8192,64,False,fp16,ok,6.04256010055542,0.006136817383303609,mma,7.144921545344177,mma,
4,64,8192,64,False,fp8,ok,4.773727893829346,0.00388235781383292,mufu,7.144921545344177,mufu,
4,64,8192,128,True,bf16,ok,3.195296049118042,0.09465249895958334,mma,7.144921545344177,mma,
4,64,8192,128,True,fp16,ok,3.3614399433135986,0.14739734748296837,mma,7.144921545344177,mma,
4,64,8192,128,True,fp8,ok,3.4205760955810547,0.2019199552218838,mma,3.5734607726720884,mma,
4,64,8192,128,False,bf16,ok,7.804671764373779,0.2384098152237919,mma,14.287843090688353,mma,
4,64,8192,128,False,fp16,ok,8.1430082321167,0.09216875923753452,mma,14.287843090688353,mma,
4,64,8192,128,False,fp8,ok,5.25216007232666,0.2919075545538932,mma,7.144921545344177,mma,
4,64,16384,64,True,bf16,ok,10.30463981628418,0.171965456983846,mma,14.287843090688353,mma,
4,64,16384,64,True,fp16,ok,10.71776008605957,0.2516734548018417,mma,14.287843090688353,mma,
4,64,16384,64,True,fp8,ok,9.884832382202148,0.10999002956721624,mufu,14.287843090688353,mufu,
4,64,16384,64,False,bf16,ok,23.715744018554688,0.014401727799359606,mma,28.573686181376708,mma,
4,64,16384,64,False,fp16,ok,23.730304718017578,0.06960046030206135,mma,28.573686181376708,mma,
4,64,16384,64,False,fp8,ok,18.639680862426758,0.018955399961017284,mufu,28.573686181376708,mufu,
4,64,16384,128,True,bf16,ok,13.146016120910645,0.24009279858085883,mma,28.573686181376708,mma,
4,64,16384,128,True,fp16,ok,14.20524787902832,0.3919562658702812,mma,28.573686181376708,mma,
4,64,16384,128,True,fp8,ok,10.581503868103027,0.3150223042942313,mma,14.287843090688353,mma,
4,64,16384,128,False,bf16,ok,31.700159072875977,0.33317802509542704,mma,57.14537236275341,mma,
4,64,16384,128,False,fp16,ok,32.710079193115234,0.524303190904971,mma,57.14537236275341,mma,
4,64,16384,128,False,fp8,ok,20.256223678588867,0.0936993577680224,mma,28.573686181376708,mma,
4,64,32768,64,True,bf16,ok,40.4516487121582,0.13442621860290838,mma,57.14537236275341,mma,
4,64,32768,64,True,fp16,ok,41.894527435302734,0.0467509633153736,mma,57.14537236275341,mma,
4,64,32768,64,True,fp8,ok,37.74204635620117,0.012474541144470375,mufu,57.14537236275341,mufu,
4,64,32768,64,False,bf16,ok,94.56393432617188,0.025150952474610976,mma,114.28874472550683,mma,
4,64,32768,64,False,fp16,ok,94.5752944946289,0.0475678805442867,mma,114.28874472550683,mma,
4,64,32768,64,False,fp8,ok,74.16432189941406,0.010501917968110825,mufu,114.28874472550683,mufu,
4,64,32768,128,True,bf16,ok,52.03023910522461,0.7376477913265098,mma,114.28874472550683,mma,
4,64,32768,128,True,fp16,ok,54.77171325683594,0.3180230598939639,mma,114.28874472550683,mma,
4,64,32768,128,True,fp8,ok,40.221920013427734,0.4033725762625708,mma,57.14537236275341,mma,
4,64,32768,128,False,bf16,ok,131.43919372558594,0.6148954551657945,mma,228.57548945101365,mma,
4,64,32768,128,False,fp16,ok,135.0801239013672,1.0199118934263087,mma,228.57548945101365,mma,
4,64,32768,128,False,fp8,ok,80.904541015625,0.41383727889148875,mma,114.28874472550683,mma,
8,16,1024,64,True,bf16,ok,0.09510400146245956,0.0038109831824821327,hbm,0.1892457142857143,hbm,
8,16,1024,64,True,fp16,ok,0.09318400174379349,0.007418977009888429,hbm,0.1892457142857143,hbm,
8,16,1024,64,True,fp8,ok,0.09593600034713745,0.0011595294675086378,hbm,0.09562285714285715,hbm,
8,16,1024,64,False,bf16,ok,0.11615999788045883,0.005642371082809145,tma,0.271015641025641,tma,
8,16,1024,64,False,fp16,ok,0.11670400202274323,0.004107294662243374,tma,0.271015641025641,tma,
8,16,1024,64,False,fp8,ok,0.10697600245475769,0.0015684586674777385,tma,0.13658282051282053,tma,
8,16,1024,128,True,bf16,ok,0.10035199671983719,0.0023250378691635695,hbm,0.3764914285714286,hbm,
8,16,1024,128,True,fp16,ok,0.10060799866914749,0.0018909268348463748,hbm,0.3764914285714286,hbm,
8,16,1024,128,True,fp8,ok,0.10019200295209885,0.002389094716492611,hbm,0.1892457142857143,hbm,
8,16,1024,128,False,bf16,ok,0.13043199479579926,0.004038077242761167,tma,0.539881282051282,tma,
8,16,1024,128,False,fp16,ok,0.1287360042333603,0.003683797448500609,tma,0.539881282051282,tma,
8,16,1024,128,False,fp8,ok,0.10761599987745285,0.0030955929265598795,tma,0.271015641025641,tma,
8,16,2048,64,True,bf16,ok,0.17257599532604218,0.0021260381551841826,hbm,0.3764914285714286,hbm,
8,16,2048,64,True,fp16,ok,0.17260800302028656,0.0043097933089166676,hbm,0.3764914285714286,hbm,
8,16,2048,64,True,fp8,ok,0.16835199296474457,0.005780765526809671,hbm,0.1892457142857143,hbm,
8,16,2048,64,False,bf16,ok,0.24774399399757385,0.0030203026003454126,tma,0.539881282051282,tma,
8,16,2048,64,False,fp16,ok,0.25302401185035706,0.004308619846036056,tma,0.539881282051282,tma,
8,16,2048,64,False,fp8,ok,0.21398399770259857,0.0022538314693140073,mufu,0.271015641025641,tma,
8,16,2048,128,True,bf16,ok,0.18537600338459015,0.0053560062483490375,tma,0.539881282051282,tma,
8,16,2048,128,True,fp16,ok,0.18934400379657745,0.005892971194833804,tma,0.539881282051282,tma,
8,16,2048,128,True,fp8,ok,0.17974400520324707,0.006636011700030489,hbm,0.3764914285714286,hbm,
8,16,2048,128,False,bf16,ok,0.28812798857688904,0.01182289806813004,tma,1.077612564102564,tma,
8,16,2048,128,False,fp16,ok,0.289247989654541,0.005582496095323673,tma,1.077612564102564,tma,
8,16,2048,128,False,fp8,ok,0.22336000204086304,0.006407755983300426,tma,0.539881282051282,tma,
8,16,4096,64,True,bf16,ok,0.4309439957141876,0.003984905421567511,mma,0.539881282051282,tma,
8,16,4096,64,True,fp16,ok,0.4315840005874634,0.006040818305291154,mma,0.539881282051282,tma,
8,16,4096,64,True,fp8,ok,0.4259200096130371,0.002461125357653122,mufu,0.448432596584011,mufu,
8,16,4096,64,False,bf16,ok,0.8179839849472046,0.006394092334590669,mma,1.077612564102564,tma,
8,16,4096,64,False,fp16,ok,0.8135039806365967,0.005505241093651644,mma,1.077612564102564,tma,
8,16,4096,64,False,fp8,ok,0.655456006526947,0.0034681746600377017,mufu,0.894865193168022,mufu,
8,16,4096,128,True,bf16,ok,0.47731199860572815,0.00512051676051483,mma,1.077612564102564,tma,
8,16,4096,128,True,fp16,ok,0.4890559911727905,0.0035856279630149144,mma,1.077612564102564,tma,
8,16,4096,128,True,fp8,ok,0.44016000628471375,0.004272515978954057,mma,0.539881282051282,tma,
8,16,4096,128,False,bf16,ok,0.9533759951591492,0.004515164551846762,mma,2.1530751282051277,tma,
8,16,4096,128,False,fp16,ok,0.9829760193824768,0.005235318608754535,mma,2.1530751282051277,tma,
8,16,4096,128,False,fp8,ok,0.6970880031585693,0.008970412270508108,mma,1.077612564102564,tma,
8,16,8192,64,True,bf16,ok,1.4430400133132935,0.009230674672964942,mma,1.787730386336044,mma,
8,16,8192,64,True,fp16,ok,1.4069440364837646,0.006315594666084265,mma,1.787730386336044,mma,
8,16,8192,64,True,fp8,ok,1.380128026008606,0.009071210788588234,mufu,1.787730386336044,mufu,
8,16,8192,64,False,bf16,ok,3.081439971923828,0.014472666095224707,mma,3.5734607726720884,mma,
8,16,8192,64,False,fp16,ok,3.0576319694519043,0.005243688601513311,mma,3.5734607726720884,mma,
8,16,8192,64,False,fp8,ok,2.4166719913482666,0.009121456897532904,mufu,3.5734607726720884,mufu,
8,16,8192,128,True,bf16,ok,1.6145919561386108,0.005758161469327919,mma,3.5734607726720884,mma,
8,16,8192,128,True,fp16,ok,1.67193603515625,0.006717206574534641,mma,3.5734607726720884,mma,
8,16,8192,128,True,fp8,ok,1.6380159854888916,0.05599397843903987,mma,1.787730386336044,mma,
8,16,8192,128,False,bf16,ok,3.903264045715332,0.0941759691777133,mma,7.144921545344177,mma,
8,16,8192,128,False,fp16,ok,4.0432000160217285,0.08537683369913125,mma,7.144921545344177,mma,
8,16,8192,128,False,fp8,ok,3.0320000648498535,0.032372982567797144,mma,3.5734607726720884,mma,
8,16,16384,64,True,bf16,ok,5.138144016265869,0.039973292274534035,mma,7.144921545344177,mma,
8,16,16384,64,True,fp16,ok,5.078495979309082,0.126983256791543,mma,7.144921545344177,mma,
8,16,16384,64,True,fp8,ok,5.202976226806641,0.1160247947386039,mufu,7.144921545344177,mufu,
8,16,16384,64,False,bf16,ok,11.97651195526123,0.06481206574503244,mma,14.287843090688353,mma,
8,16,16384,64,False,fp16,ok,11.992287635803223,0.010943594613154077,mma,14.287843090688353,mma,
8,16,16384,64,False,fp8,ok,9.427935600280762,0.00510799272154228,mufu,14.287843090688353,mufu,
8,16,16384,128,True,bf16,ok,5.987423896789551,0.2503449984270843,mma,14.287843090688353,mma,
8,16,16384,128,True,fp16,ok,6.858911991119385,0.4106968875107245,mma,14.287843090688353,mma,
8,16,16384,128,True,fp8,ok,5.984255790710449,0.5380096188735055,mma,7.144921545344177,mma,
8,16,16384,128,False,bf16,ok,15.84118366241455,0.31973988344535337,mma,28.573686181376708,mma,
8,16,16384,128,False,fp16,ok,16.075456619262695,0.21779598136779027,mma,28.573686181376708,mma,
8,16,16384,128,False,fp8,ok,10.261247634887695,0.24542816646097285,mma,14.287843090688353,mma,
8,16,32768,64,True,bf16,ok,20.182432174682617,0.13016496708011643,mma,28.573686181376708,mma,
8,16,32768,64,True,fp16,ok,21.112960815429688,0.0708937507133541,mma,28.573686181376708,mma,
8,16,32768,64,True,fp8,ok,18.913856506347656,0.06918628931530732,mufu,28.573686181376708,mufu,
8,16,32768,64,False,bf16,ok,47.30198287963867,0.014666063859882228,mma,57.14537236275341,mma,
8,16,32768,64,False,fp16,ok,47.32175827026367,0.09178517208678812,mma,57.14537236275341,mma,
8,16,32768,64,False,fp8,ok,37.10566329956055,0.011433167075069181,mufu,57.14537236275341,mufu,
8,16,32768,128,True,bf16,ok,25.87664031982422,0.3934457774464164,mma,57.14537236275341,mma,
8,16,32768,128,True,fp16,ok,27.440223693847656,0.3425351549355065,mma,57.14537236275341,mma,
8,16,32768,128,True,fp8,ok,20.079744338989258,0.009661564936010534,mma,28.573686181376708,mma,
8,16,32768,128,False,bf16,ok,63.67030334472656,0.6627574226988606,mma,114.28874472550683,mma,
8,16,32768,128,False,fp16,ok,65.58870697021484,0.56088248686196,mma,114.28874472550683,mma,
8,16,32768,128,False,fp8,ok,40.333377838134766,0.28783818845341486,mma,57.14537236275341,mma,
8,32,1024,64,True,bf16,ok,0.13900800049304962,0.005412429721666087,hbm,0.3764914285714286,hbm,
8,32,1024,64,True,fp16,ok,0.14028799533843994,0.003891285484067289,hbm,0.3764914285714286,hbm,
8,32,1024,64,True,fp8,ok,0.1382720023393631,0.0022224005656373844,hbm,0.1892457142857143,hbm,
8,32,1024,64,False,bf16,ok,0.1613440066576004,0.005538329250992296,tma,0.539881282051282,tma,
8,32,1024,64,False,fp16,ok,0.15887999534606934,0.0035924501332250443,tma,0.539881282051282,tma,
8,32,1024,64,False,fp8,ok,0.1435839980840683,0.002873876840609707,tma,0.271015641025641,tma,
8,32,1024,128,True,bf16,ok,0.14735999703407288,0.003655670469284832,tma,0.539881282051282,tma,
8,32,1024,128,True,fp16,ok,0.14591999351978302,0.0024410169221556143,tma,0.539881282051282,tma,
8,32,1024,128,True,fp8,ok,0.1446399986743927,0.003302376070929373,hbm,0.3764914285714286,hbm,
8,32,1024,128,False,bf16,ok,0.18294399976730347,0.0021288287528764835,tma,1.077612564102564,tma,
8,32,1024,128,False,fp16,ok,0.1849599927663803,0.0061506883725697525,tma,1.077612564102564,tma,
8,32,1024,128,False,fp8,ok,0.15001599490642548,0.007638704137981781,tma,0.539881282051282,tma,
8,32,2048,64,True,bf16,ok,0.2881920039653778,0.004361084303416502,tma,0.539881282051282,tma,
8,32,2048,64,True,fp16,ok,0.28972798585891724,0.004510651731942547,tma,0.539881282051282,tma,
8,32,2048,64,True,fp8,ok,0.28390398621559143,0.0030698507133086403,hbm,0.3764914285714286,hbm,
8,32,2048,64,False,bf16,ok,0.4403199851512909,0.0028252932596506347,tma,1.077612564102564,tma,
8,32,2048,64,False,fp16,ok,0.44201600551605225,0.007973994179315009,tma,1.077612564102564,tma,
8,32,2048,64,False,fp8,ok,0.36764800548553467,0.005358658476168313,mufu,0.539881282051282,tma,
8,32,2048,128,True,bf16,ok,0.3128640055656433,0.004728412763038186,tma,1.077612564102564,tma,
8,32,2048,128,True,fp16,ok,0.3147839903831482,0.003699918393713881,tma,1.077612564102564,tma,
8,32,2048,128,True,fp8,ok,0.30432000756263733,0.009511616359721156,tma,0.539881282051282,tma,
8,32,2048,128,False,bf16,ok,0.5220159888267517,0.005650844900494502,tma,2.1530751282051277,tma,
8,32,2048,128,False,fp16,ok,0.5280320048332214,0.0045059557880778095,tma,2.1530751282051277,tma,
8,32,2048,128,False,fp8,ok,0.3776319921016693,0.0037309580719802338,tma,1.077612564102564,tma,
8,32,4096,64,True,bf16,ok,0.8008319735527039,0.030223708065774138,mma,1.077612564102564,tma,
8,32,4096,64,True,fp16,ok,0.8018879890441895,0.006878749327800947,mma,1.077612564102564,tma,
8,32,4096,64,True,fp8,ok,0.7942079901695251,0.002255823188190021,mufu,0.894865193168022,mufu,
8,32,4096,64,False,bf16,ok,1.5626879930496216,0.015926741519425556,mma,2.1530751282051277,tma,
8,32,4096,64,False,fp16,ok,1.5665919780731201,0.00547258020832829,mma,2.1530751282051277,tma,
8,32,4096,64,False,fp8,ok,1.2511999607086182,0.0021691555034445173,mufu,1.787730386336044,mufu,
8,32,4096,128,True,bf16,ok,0.9167680144309998,0.020910989484234546,mma,2.1530751282051277,tma,
8,32,4096,128,True,fp16,ok,0.9410240054130554,0.0019608445588880875,mma,2.1530751282051277,tma,
8,32,4096,128,True,fp8,ok,0.807263970375061,0.0032603710601586153,mma,1.077612564102564,tma,
8,32,4096,128,False,bf16,ok,1.8735359907150269,0.04713210285880092,mma,4.304000256410256,tma,
8,32,4096,128,False,fp16,ok,1.9618879556655884,0.004799807441789797,mma,4.304000256410256,tma,
8,32,4096,128,False,fp8,ok,1.4610559940338135,0.03351588896291937,mma,2.1530751282051277,tma,
8,32,8192,64,True,bf16,ok,2.838239908218384,0.08824363362647075,mma,3.5734607726720884,mma,
8,32,8192,64,True,fp16,ok,2.7254719734191895,0.011432918967630063,mma,3.5734607726720884,mma,
8,32,8192,64,True,fp8,ok,2.703295946121216,0.2712486881494654,mufu,3.5734607726720884,mufu,
8,32,8192,64,False,bf16,ok,6.045536041259766,0.009304669557968067,mma,7.144921545344177,mma,
8,32,8192,64,False,fp16,ok,6.059840202331543,0.0715102136011969,mma,7.144921545344177,mma,
8,32,8192,64,False,fp8,ok,4.77507209777832,0.011140692728192975,mufu,7.144921545344177,mufu,
8,32,8192,128,True,bf16,ok,3.1849920749664307,0.0253858193073606,mma,7.144921545344177,mma,
8,32,8192,128,True,fp16,ok,3.288032054901123,0.013734832268426403,mma,7.144921545344177,mma,
8,32,8192,128,True,fp8,ok,2.634848117828369,0.009107647534256835,mma,3.5734607726720884,mma,
8,32,8192,128,False,bf16,ok,7.808224201202393,0.4873536949086076,mma,14.287843090688353,mma,
8,32,8192,128,False,fp16,ok,8.096672058105469,0.24040673115972636,mma,14.287843090688353,mma,
8,32,8192,128,False,fp8,ok,5.143680095672607,0.0817257780168761,mma,7.144921545344177,mma,
8,32,16384,64,True,bf16,ok,10.201919555664062,0.13280868623339886,mma,14.287843090688353,mma,
8,32,16384,64,True,fp16,ok,10.68569564819336,0.08228736966308367,mma,14.287843090688353,mma,
8,32,16384,64,True,fp8,ok,9.848511695861816,0.044450396877174135,mufu,14.287843090688353,mufu,
8,32,16384,64,False,bf16,ok,23.707136154174805,0.012107716885946114,mma,28.573686181376708,mma,
8,32,16384,64,False,fp16,ok,23.716384887695312,0.011725397586982675,mma,28.573686181376708,mma,
8,32,16384,64,False,fp8,ok,18.63910484313965,0.008652977984253442,mufu,28.573686181376708,mufu,
8,32,16384,128,True,bf16,ok,13.266752243041992,0.68441514549749,mma,28.573686181376708,mma,
8,32,16384,128,True,fp16,ok,14.29423999786377,0.3581770354314409,mma,28.573686181376708,mma,
8,32,16384,128,True,fp8,ok,10.251232147216797,0.9270287852953065,mma,14.287843090688353,mma,
8,32,16384,128,False,bf16,ok,31.88128089904785,0.38458538466552694,mma,57.14537236275341,mma,
8,32,16384,128,False,fp16,ok,32.939937591552734,0.21604512891656355,mma,57.14537236275341,mma,
8,32,16384,128,False,fp8,ok,20.095104217529297,0.04696453947172983,mma,28.573686181376708,mma,
8,32,32768,64,True,bf16,ok,40.73891067504883,0.09347431729969871,mma,57.14537236275341,mma,
8,32,32768,64,True,fp16,ok,41.78028869628906,0.05148065081266027,mma,57.14537236275341,mma,
8,32,32768,64,True,fp8,ok,37.742271423339844,0.011392706904475606,mufu,57.14537236275341,mufu,
8,32,32768,64,False,bf16,ok,94.56575775146484,0.04884026829401466,mma,114.28874472550683,mma,
8,32,32768,64,False,fp16,ok,94.57465362548828,0.022153912222725534,mma,114.28874472550683,mma,
8,32,32768,64,False,fp8,ok,74.16432189941406,0.026948629182268317,mufu,114.28874472550683,mufu,
8,32,32768,128,True,bf16,ok,52.24163055419922,0.7713898891333296,mma,114.28874472550683,mma,
8,32,32768,128,True,fp16,ok,54.890079498291016,0.22775873082321518,mma,114.28874472550683,mma,
8,32,32768,128,True,fp8,ok,40.445377349853516,0.32839735178496005,mma,57.14537236275341,mma,
8,32,32768,128,False,bf16,ok,132.14556884765625,0.5400765732780567,mma,228.57548945101365,mma,
8,32,32768,128,False,fp16,ok,135.5394287109375,0.6921275822358248,mma,228.57548945101365,mma,
8,32,32768,128,False,fp8,ok,81.0439682006836,0.49373540517323133,mma,114.28874472550683,mma,
8,64,1024,64,True,bf16,ok,0.2216320037841797,0.0031517981476262284,tma,0.539881282051282,tma,
8,64,1024,64,True,fp16,ok,0.22419199347496033,0.0038296391447095227,tma,0.539881282051282,tma,
8,64,1024,64,True,fp8,ok,0.2226559966802597,0.005510594670031105,hbm,0.3764914285714286,hbm,
8,64,1024,64,False,bf16,ok,0.2696000039577484,0.004929526803451556,tma,1.077612564102564,tma,
8,64,1024,64,False,fp16,ok,0.2606399953365326,0.006198304930307144,tma,1.077612564102564,tma,
8,64,1024,64,False,fp8,ok,0.2263679951429367,0.0036653486901649314,tma,0.539881282051282,tma,
8,64,1024,128,True,bf16,ok,0.23680000007152557,0.00391056330784408,tma,1.077612564102564,tma,
8,64,1024,128,True,fp16,ok,0.23654399812221527,0.0015387621840438652,tma,1.077612564102564,tma,
8,64,1024,128,True,fp8,ok,0.2274239957332611,0.002838007934979327,tma,0.539881282051282,tma,
8,64,1024,128,False,bf16,ok,0.30803200602531433,0.005021421440117569,tma,2.1530751282051277,tma,
8,64,1024,128,False,fp16,ok,0.3070720136165619,0.002981414556388962,tma,2.1530751282051277,tma,
8,64,1024,128,False,fp8,ok,0.23603199422359467,0.004277732688573561,tma,1.077612564102564,tma,
8,64,2048,64,True,bf16,ok,0.5160319805145264,0.004719403585039504,tma,1.077612564102564,tma,
8,64,2048,64,True,fp16,ok,0.5177919864654541,0.009471540855744523,tma,1.077612564102564,tma,
8,64,2048,64,True,fp8,ok,0.5117120146751404,0.0038380390371904934,mufu,0.539881282051282,tma,
8,64,2048,64,False,bf16,ok,0.8239679932594299,0.005625797473946632,tma,2.1530751282051277,tma,
8,64,2048,64,False,fp16,ok,0.8272640109062195,0.004992480131491749,tma,2.1530751282051277,tma,
8,64,2048,64,False,fp8,ok,0.6690239906311035,0.0022466768153234437,mufu,1.077612564102564,tma,
8,64,2048,128,True,bf16,ok,0.5695040225982666,0.002884601505449221,tma,2.1530751282051277,tma,
8,64,2048,128,True,fp16,ok,0.5813120007514954,0.002446469127991382,tma,2.1530751282051277,tma,
8,64,2048,128,True,fp8,ok,0.5297279953956604,0.002414123531063639,tma,1.077612564102564,tma,
8,64,2048,128,False,bf16,ok,0.9944959878921509,0.012059054683965769,tma,4.304000256410256,tma,
8,64,2048,128,False,fp16,ok,1.017151951789856,0.00383567770916183,tma,4.304000256410256,tma,
8,64,2048,128,False,fp8,ok,0.6817920207977295,0.0028019464828715904,tma,2.1530751282051277,tma,
8,64,4096,64,True,bf16,ok,1.5414079427719116,0.05758009359994817,mma,2.1530751282051277,tma,
8,64,4096,64,True,fp16,ok,1.576416015625,0.02055730765037804,mma,2.1530751282051277,tma,
8,64,4096,64,True,fp8,ok,1.5580480098724365,0.004487840198776233,mufu,1.787730386336044,mufu,
8,64,4096,64,False,bf16,ok,3.0683200359344482,0.0210773655885449,mma,4.304000256410256,tma,
8,64,4096,64,False,fp16,ok,3.0703039169311523,0.003166160890269801,mma,4.304000256410256,tma,
8,64,4096,64,False,fp8,ok,2.441215991973877,0.007612766624929502,mufu,3.5734607726720884,mufu,
8,64,4096,128,True,bf16,ok,1.8001919984817505,0.004441693768731523,mma,4.304000256410256,tma,
8,64,4096,128,True,fp16,ok,1.8525439500808716,0.003071743672686389,mma,4.304000256410256,tma,
8,64,4096,128,True,fp8,ok,1.735584020614624,0.011371660075360097,mma,2.1530751282051277,tma,
8,64,4096,128,False,bf16,ok,3.804608106613159,0.040999872652268614,mma,8.605850512820512,tma,
8,64,4096,128,False,fp16,ok,4.307007789611816,0.251695728422335,mma,8.605850512820512,tma,
8,64,4096,128,False,fp8,ok,2.8123199939727783,0.012729502884689103,mma,4.304000256410256,tma,
8,64,8192,64,True,bf16,ok,5.508863925933838,0.032590162506120124,mma,7.144921545344177,mma,
8,64,8192,64,True,fp16,ok,5.5735039710998535,0.11319270444081042,mma,7.144921545344177,mma,
8,64,8192,64,True,fp8,ok,5.4067840576171875,0.05408293090530045,mufu,7.144921545344177,mufu,
8,64,8192,64,False,bf16,ok,11.926752090454102,0.03954843586646228,mma,14.287843090688353,mma,
8,64,8192,64,False,fp16,ok,11.92892837524414,0.005859298646573445,mma,14.287843090688353,mma,
8,64,8192,64,False,fp8,ok,9.399295806884766,0.00669597398645855,mufu,14.287843090688353,mufu,
8,64,8192,128,True,bf16,ok,7.058720111846924,0.3443225282884704,mma,14.287843090688353,mma,
8,64,8192,128,True,fp16,ok,7.274112224578857,0.23467068364130778,mma,14.287843090688353,mma,
8,64,8192,128,True,fp8,ok,6.1623358726501465,0.35376643862861934,mma,7.144921545344177,mma,
8,64,8192,128,False,bf16,ok,16.200000762939453,0.09872822276102661,mma,28.573686181376708,mma,
8,64,8192,128,False,fp16,ok,16.711999893188477,0.13103239237187458,mma,28.573686181376708,mma,
8,64,8192,128,False,fp8,ok,10.227968215942383,0.09953376812628655,mma,14.287843090688353,mma,
8,64,16384,64,True,bf16,ok,20.900320053100586,0.11298177075283122,mma,28.573686181376708,mma,
8,64,16384,64,True,fp16,ok,21.69094467163086,0.0617181413051942,mma,28.573686181376708,mma,
8,64,16384,64,True,fp8,ok,19.5631046295166,0.03856099967369649,mufu,28.573686181376708,mufu,
8,64,16384,64,False,bf16,ok,47.348289489746094,0.01622800701233916,mma,57.14537236275341,mma,
8,64,16384,64,False,fp16,ok,47.34678268432617,0.010948920607101393,mma,57.14537236275341,mma,
8,64,16384,64,False,fp8,ok,37.19900894165039,0.006807988370654275,mufu,57.14537236275341,mufu,
8,64,16384,128,True,bf16,ok,26.976383209228516,0.33118208215562034,mma,57.14537236275341,mma,
8,64,16384,128,True,fp16,ok,28.44371223449707,1.3450504252733826,mma,57.14537236275341,mma,
8,64,16384,128,True,fp8,ok,20.9453125,0.14732451550363962,mma,28.573686181376708,mma,
8,64,16384,128,False,bf16,ok,66.23619079589844,0.6551349610296082,mma,114.28874472550683,mma,
8,64,16384,128,False,fp16,ok,67.82972717285156,0.6203635087410284,mma,114.28874472550683,mma,
8,64,16384,128,False,fp8,ok,40.463871002197266,0.4027402239621141,mma,57.14537236275341,mma,
8,64,32768,64,True,bf16,ok,81.8337631225586,0.20583118779811374,mma,114.28874472550683,mma,
8,64,32768,64,True,fp16,ok,83.83404541015625,0.1384526735711872,mma,114.28874472550683,mma,
8,64,32768,64,True,fp8,ok,75.47305297851562,0.01919484463145971,mufu,114.28874472550683,mufu,
8,64,32768,64,False,bf16,ok,190.4591064453125,1.669215705925136,mma,228.57548945101365,mma,
8,64,32768,64,False,fp16,ok,188.7808380126953,69.47706108983462,mma,228.57548945101365,mma,
8,64,32768,64,False,fp8,ok,148.04640197753906,0.04188671589360169,mufu,228.57548945101365,mufu,
8,64,32768,128,True,bf16,ok,104.15299224853516,0.8449033716452593,mma,228.57548945101365,mma,
8,64,32768,128,True,fp16,ok,109.86822509765625,0.30717168294601577,mma,228.57548945101365,mma,
8,64,32768,128,True,fp8,ok,81.12147521972656,0.5333363947398592,mma,114.28874472550683,mma,
8,64,32768,128,False,bf16,ok,270.95556640625,1.3889748502672739,mma,457.1489789020273,mma,
8,64,32768,128,False,fp16,ok,278.28326416015625,2.1382486372256166,mma,457.1489789020273,mma,
8,64,32768,128,False,fp8,ok,161.7799072265625,0.2331487560612453,mma,228.57548945101365,mma,
