batch,heads,seqlen,head_dim,causal,precision,predicted_runtime_ms,measured_runtime_ms,predicted_bottleneck,measured_bottleneck,ncu_bottleneck
1,16,1024,128,False,bf16,0.07888813333333333,0.07360000163316727,tma,unknown,unprofiled
8,64,1024,64,False,bf16,0.24248532140745876,0.25913599133491516,mufu,unknown,unprofiled
1,16,1024,64,True,bf16,0.07437179542184627,0.06844799965620041,mufu,unknown,unprofiled
1,32,1024,128,False,bf16,0.08762626666666666,0.07289600372314453,tma,unknown,unprofiled
8,16,1024,64,False,bf16,0.11312133035186468,0.11523199826478958,mufu,unknown,unprofiled
8,32,1024,128,False,bf16,0.20996013333333335,0.1820800006389618,tma,unknown,unprofiled
8,16,1024,128,True,bf16,0.12991862857142858,0.09984000027179718,hbm,unknown,unprofiled
8,32,1024,128,True,bf16,0.14005506666666667,0.147039994597435,tma,unknown,unprofiled
8,16,1024,64,True,bf16,0.09995931428571428,0.0926399976015091,hbm,unknown,unprofiled
4,16,1024,128,True,bf16,0.09995931428571428,0.07478400319814682,hbm,unknown,unprofiled
4,64,1024,128,False,bf16,0.20996013333333335,0.18131199479103088,tma,unknown,unprofiled
8,64,1024,64,True,bf16,0.15624266070372936,0.22060799598693848,mufu,unknown,unprofiled
1,64,1024,128,True,bf16,0.09995931428571428,0.0756480023264885,hbm,unknown,unprofiled
1,64,1024,128,False,bf16,0.10510253333333333,0.08908800035715103,tma,unknown,unprofiled
4,16,1024,64,True,bf16,0.08497965714285714,0.07177600264549255,hbm,unknown,unprofiled
1,16,1024,64,False,bf16,0.07874359084369255,0.06729599833488464,mufu,unknown,unprofiled
8,32,1024,64,False,bf16,0.15624266070372936,0.1590079963207245,mufu,unknown,unprofiled
4,32,1024,64,True,bf16,0.09995931428571428,0.09222400188446045,hbm,unknown,unprofiled
1,32,1024,64,False,bf16,0.08266619858086859,0.06943999975919724,mufu,unknown,unprofiled
1,64,1024,64,True,bf16,0.08497965714285714,0.07215999811887741,hbm,unknown,unprofiled
8,16,1024,128,False,bf16,0.14005506666666667,0.12751999497413635,tma,unknown,unprofiled
1,64,1024,64,False,bf16,0.09156066517593234,0.08560000360012054,mufu,unknown,unprofiled
1,64,1024,128,True,fp16,0.09995931428571428,0.07628799974918365,hbm,unknown,unprofiled
4,64,1024,64,True,fp16,0.12991862857142858,0.1321599930524826,hbm,unknown,unprofiled
8,16,1024,64,False,fp16,0.11312133035186468,0.11161600053310394,mufu,unknown,unprofiled
4,16,1024,128,True,fp16,0.09995931428571428,0.07481600344181061,hbm,unknown,unprofiled
4,16,1024,64,True,fp16,0.08497965714285714,0.07225599884986877,hbm,unknown,unprofiled
1,32,1024,128,False,fp16,0.08762626666666666,0.07260800153017044,tma,unknown,unprofiled
1,16,1024,64,True,fp16,0.07437179542184627,0.06851200014352798,mufu,unknown,unprofiled
4,64,1024,128,True,fp16,0.14005506666666667,0.14591999351978302,tma,unknown,unprofiled
8,64,1024,64,False,fp16,0.24248532140745876,0.25814399123191833,mufu,unknown,unprofiled
8,32,1024,64,False,fp16,0.15624266070372936,0.15929600596427917,mufu,unknown,unprofiled
8,32,1024,64,True,fp16,0.12991862857142858,0.1356160044670105,hbm,unknown,unprofiled
1,32,1024,64,True,fp16,0.07748982857142858,0.06611199676990509,hbm,unknown,unprofiled
4,32,1024,128,True,fp16,0.12991862857142858,0.10067199915647507,hbm,unknown,unprofiled
8,16,1024,128,True,fp16,0.12991862857142858,0.09923200309276581,hbm,unknown,unprofiled
4,32,1024,64,False,fp16,0.11312133035186468,0.11392000317573547,mufu,unknown,unprofiled
8,64,1024,64,True,fp16,0.15624266070372936,0.22073599696159363,mufu,unknown,unprofiled
4,16,1024,64,False,fp16,0.09156066517593234,0.08099199831485748,mufu,unknown,unprofiled
8,32,1024,128,True,fp16,0.14005506666666667,0.1467839926481247,tma,unknown,unprofiled
8,64,1024,128,True,fp16,0.20996013333333335,0.23472000658512115,tma,unknown,unprofiled
1,16,1024,128,False,fp16,0.07888813333333333,0.0703359991312027,tma,unknown,unprofiled
1,64,1024,64,False,fp16,0.09156066517593234,0.08569599688053131,mufu,unknown,unprofiled
4,16,1024,128,False,fp16,0.10510253333333333,0.08924800157546997,tma,unknown,unprofiled
4,16,1024,128,True,fp8,0.08497965714285714,0.07625599950551987,hbm,unknown,unprofiled
1,32,1024,128,False,fp8,0.08078033258796617,0.07062400132417679,mufu,unknown,unprofiled
1,16,1024,128,False,fp8,0.07633309929043429,0.07036799937486649,mufu,unknown,unprofiled
1,32,1024,128,True,fp8,0.07748982857142858,0.0692799985408783,hbm,unknown,unprofiled
1,16,1024,128,True,fp8,0.0737449142857143,0.070592001080513,hbm,unknown,unprofiled
8,64,1024,128,True,fp8,0.15624266070372936,0.22431999444961548,mufu,unknown,unprofiled
4,16,1024,64,False,fp8,0.09156066517593234,0.08006399869918823,mufu,unknown,unprofiled
4,64,1024,64,True,fp8,0.11312133035186468,0.13167999684810638,mufu,unknown,unprofiled
1,16,1024,64,False,fp8,0.07874359084369255,0.07168000191450119,mufu,unknown,unprofiled
1,32,1024,64,False,fp8,0.08266619858086859,0.06985600292682648,mufu,unknown,unprofiled
8,32,1024,128,False,fp8,0.15624266070372936,0.14819200336933136,mufu,unknown,unprofiled
1,32,1024,64,True,fp8,0.07633309929043429,0.07023999840021133,mufu,unknown,unprofiled
8,16,1024,64,True,fp8,0.09156066517593234,0.09548799693584442,mufu,unknown,unprofiled
4,32,1024,64,False,fp8,0.11312133035186468,0.1058880016207695,mufu,unknown,unprofiled
8,32,1024,64,False,fp8,0.15624266070372936,0.14124800264835358,mufu,unknown,unprofiled
1,64,1024,128,True,fp8,0.08497965714285714,0.07686399668455124,hbm,unknown,unprofiled
4,16,1024,64,True,fp8,0.08078033258796617,0.07612799853086472,mufu,unknown,unprofiled
1,64,1024,128,False,fp8,0.09156066517593234,0.08432000130414963,mufu,unknown,unprofiled
8,16,1024,128,True,fp8,0.09995931428571428,0.09875199943780899,hbm,unknown,unprofiled
4,32,1024,128,True,fp8,0.09995931428571428,0.09942399710416794,hbm,unknown,unprofiled
4,64,1024,128,False,fp8,0.15624266070372936,0.14860799908638,mufu,unknown,unprofiled
8,16,1024,128,False,fp8,0.11312133035186468,0.10707200318574905,mufu,unknown,unprofiled
1,16,2048,128,False,bf16,0.0971048362211721,0.08668799698352814,mma,unknown,unprofiled
8,32,2048,128,True,bf16,0.2868386897693768,0.3110400140285492,mma,unknown,unprofiled
4,32,2048,128,True,bf16,0.1784193448846884,0.1871359944343567,mma,unknown,unprofiled
1,64,2048,64,True,bf16,0.11312133035186468,0.11555200070142746,mufu,unknown,unprofiled
1,32,2048,128,False,bf16,0.1242096724423442,0.12080000340938568,mma,unknown,unprofiled
8,64,2048,64,True,bf16,0.4149706428149175,0.5127040147781372,mufu,unknown,unprofiled
8,64,2048,64,False,bf16,0.7599412856298351,0.8193600177764893,mufu,unknown,unprofiled
4,64,2048,128,True,bf16,0.2868386897693768,0.29232001304626465,mma,unknown,unprofiled
8,32,2048,64,False,bf16,0.4149706428149175,0.4403199851512909,mufu,unknown,unprofiled
8,16,2048,128,False,bf16,0.2868386897693768,0.28940799832344055,mma,unknown,unprofiled
4,32,2048,128,False,bf16,0.2868386897693768,0.2898559868335724,mma,unknown,unprofiled
1,64,2048,128,True,bf16,0.12991862857142858,0.12284799665212631,hbm,unknown,unprofiled
4,16,2048,128,False,bf16,0.1784193448846884,0.19065600633621216,mma,unknown,unprofiled
1,32,2048,64,False,bf16,0.11312133035186468,0.11363200098276138,mufu,unknown,unprofiled
1,32,2048,64,True,bf16,0.09156066517593234,0.08111999928951263,mufu,unknown,unprofiled
1,16,2048,64,True,bf16,0.08078033258796617,0.07609599828720093,mufu,unknown,unprofiled
4,64,2048,64,False,bf16,0.4149706428149175,0.43692800402641296,mufu,unknown,unprofiled
1,64,2048,128,False,bf16,0.1784193448846884,0.1915840059518814,mma,unknown,unprofiled
4,64,2048,64,True,bf16,0.24248532140745876,0.287200003862381,mufu,unknown,unprofiled
4,32,2048,64,False,bf16,0.24248532140745876,0.24780799448490143,mufu,unknown,unprofiled
8,32,2048,64,True,bf16,0.24248532140745876,0.28620800375938416,mufu,unknown,unprofiled
4,64,2048,128,False,bf16,0.5036773795387536,0.5188800096511841,mma,unknown,unprofiled
8,16,2048,64,True,fp16,0.15624266070372936,0.17238399386405945,mufu,unknown,unprofiled
1,64,2048,64,True,fp16,0.11312133035186468,0.111455999314785,mufu,unknown,unprofiled
8,32,2048,128,False,fp16,0.5036773795387536,0.5265600085258484,mma,unknown,unprofiled
1,16,2048,128,True,fp16,0.08497965714285714,0.07692799717187881,hbm,unknown,unprofiled
4,32,2048,128,False,fp16,0.2868386897693768,0.2903999984264374,mma,unknown,unprofiled
4,16,2048,64,False,fp16,0.15624266070372936,0.16767999529838562,mufu,unknown,unprofiled
4,32,2048,64,True,fp16,0.15624266070372936,0.17148800194263458,mufu,unknown,unprofiled
4,64,2048,64,True,fp16,0.24248532140745876,0.2900159955024719,mufu,unknown,unprofiled
1,16,2048,128,False,fp16,0.0971048362211721,0.08659200370311737,mma,unknown,unprofiled
1,64,2048,128,False,fp16,0.1784193448846884,0.1903039962053299,mma,unknown,unprofiled
4,16,2048,64,True,fp16,0.11312133035186468,0.11100800335407257,mufu,unknown,unprofiled
1,64,2048,64,False,fp16,0.15624266070372936,0.1682559996843338,mufu,unknown,unprofiled
8,16,2048,128,True,fp16,0.1784193448846884,0.18582400679588318,mma,unknown,unprofiled
8,32,2048,64,True,fp16,0.24248532140745876,0.2871359884738922,mufu,unknown,unprofiled
1,32,2048,64,False,fp16,0.11312133035186468,0.11132799834012985,mufu,unknown,unprofiled
8,32,2048,128,True,fp16,0.2868386897693768,0.3141759932041168,mma,unknown,unprofiled
1,32,2048,128,False,fp16,0.1242096724423442,0.12140800058841705,mma,unknown,unprofiled
1,16,2048,64,True,fp16,0.08078033258796617,0.07340800017118454,mufu,unknown,unprofiled
4,64,2048,128,True,fp16,0.2868386897693768,0.31488001346588135,mma,unknown,unprofiled
1,16,2048,64,False,fp16,0.09156066517593234,0.0801599994301796,mufu,unknown,unprofiled
8,64,2048,128,False,fp16,0.9373547590775072,1.0226240158081055,mma,unknown,unprofiled
4,16,2048,128,False,fp16,0.1784193448846884,0.18905599415302277,mma,unknown,unprofiled
4,16,2048,128,True,fp8,0.11312133035186468,0.11814399808645248,mufu,unknown,unprofiled
8,64,2048,128,True,fp8,0.4149706428149175,0.5309119820594788,mufu,unknown,unprofiled
4,64,2048,64,False,fp8,0.4149706428149175,0.3437440097332001,mufu,unknown,unprofiled
1,64,2048,64,False,fp8,0.15624266070372936,0.14819200336933136,mufu,unknown,unprofiled
8,64,2048,128,False,fp8,0.7599412856298351,0.7043200135231018,mufu,unknown,unprofiled
4,32,2048,128,False,fp8,0.24248532140745876,0.22137600183486938,mufu,unknown,unprofiled
1,64,2048,64,True,fp8,0.11312133035186468,0.11459200084209442,mufu,unknown,unprofiled
8,16,2048,64,True,fp8,0.15624266070372936,0.16950400173664093,mufu,unknown,unprofiled
8,32,2048,128,False,fp8,0.4149706428149175,0.3774079978466034,mufu,unknown,unprofiled
4,16,2048,64,False,fp8,0.15624266070372936,0.1459520012140274,mufu,unknown,unprofiled
1,32,2048,128,False,fp8,0.11312133035186468,0.10592000186443329,mufu,unknown,unprofiled
8,32,2048,64,True,fp8,0.24248532140745876,0.2850559949874878,mufu,unknown,unprofiled
1,32,2048,64,False,fp8,0.11312133035186468,0.10425599664449692,mufu,unknown,unprofiled
4,32,2048,64,False,fp8,0.24248532140745876,0.21427200734615326,mufu,unknown,unprofiled
4,64,2048,128,False,fp8,0.4149706428149175,0.37644800543785095,mufu,unknown,unprofiled
8,16,2048,64,False,fp8,0.24248532140745876,0.21408000588417053,mufu,unknown,unprofiled
4,64,2048,128,True,fp8,0.24248532140745876,0.2975040078163147,mufu,unknown,unprofiled
1,16,2048,128,False,fp8,0.09156066517593234,0.08064000308513641,mufu,unknown,unprofiled
4,32,2048,128,True,fp8,0.15624266070372936,0.17980800569057465,mufu,unknown,unprofiled
8,64,2048,64,True,fp8,0.4149706428149175,0.5078399777412415,mufu,unknown,unprofiled
4,16,2048,64,True,fp8,0.11312133035186468,0.11334399878978729,mufu,unknown,unprofiled
8,64,2048,64,False,fp8,0.7599412856298351,0.6686400175094604,mufu,unknown,unprofiled
4,16,4096,64,False,bf16,0.38497064281491755,0.4329279959201813,mufu,unknown,unprofiled
1,32,4096,64,False,bf16,0.21248532140745877,0.2757120132446289,mufu,unknown,unprofiled
8,32,4096,64,True,bf16,0.7299412856298351,0.7998080253601074,mufu,unknown,unprofiled
1,64,4096,128,False,bf16,0.4736773795387536,0.49827200174331665,mma,unknown,unprofiled
4,32,4096,64,False,bf16,0.7299412856298351,0.8089920282363892,mufu,unknown,unprofiled
1,16,4096,64,False,bf16,0.1262426607037294,0.1632000058889389,mufu,unknown,unprofiled
1,32,4096,64,True,bf16,0.1262426607037294,0.14975999295711517,mufu,unknown,unprofiled
4,64,4096,64,False,bf16,1.41988257125967,1.56387197971344,mufu,unknown,unprofiled
1,64,4096,128,True,bf16,0.2568386897693768,0.26576000452041626,mma,unknown,unprofiled
4,16,4096,128,True,bf16,0.2568386897693768,0.2656640112400055,mma,unknown,unprofiled
8,16,4096,64,True,bf16,0.38497064281491755,0.43190398812294006,mufu,unknown,unprofiled
8,64,4096,128,False,bf16,3.5094190363100286,3.8547520637512207,mma,unknown,unprofiled
4,64,4096,128,False,bf16,1.7747095181550143,1.8493119478225708,mma,unknown,unprofiled
8,16,4096,128,True,bf16,0.4736773795387536,0.47708800435066223,mma,unknown,unprofiled
4,64,4096,64,True,bf16,0.7299412856298351,0.8024320006370544,mufu,unknown,unprofiled
4,16,4096,128,False,bf16,0.4736773795387536,0.49859198927879333,mma,unknown,unprofiled
1,16,4096,128,False,bf16,0.1484193448846884,0.17977599799633026,mma,unknown,unprofiled
1,16,4096,128,True,bf16,0.0942096724423442,0.10467199981212616,mma,unknown,unprofiled
4,32,4096,64,True,bf16,0.38497064281491755,0.4322560131549835,mufu,unknown,unprofiled
1,64,4096,64,True,bf16,0.21248532140745877,0.24803200364112854,mufu,unknown,unprofiled
8,32,4096,128,True,bf16,0.9073547590775072,0.912447988986969,mma,unknown,unprofiled
8,64,4096,64,True,bf16,1.41988257125967,1.570688009262085,mufu,unknown,unprofiled
8,32,4096,64,True,fp16,0.7299412856298351,0.8022720217704773,mufu,unknown,unprofiled
4,16,4096,64,True,fp16,0.21248532140745877,0.24697600305080414,mufu,unknown,unprofiled
8,64,4096,64,False,fp16,2.79976514251934,3.071039915084839,mufu,unknown,unprofiled
1,32,4096,128,False,fp16,0.2568386897693768,0.3139519989490509,mma,unknown,unprofiled
1,64,4096,128,False,fp16,0.4736773795387536,0.5061439871788025,mma,unknown,unprofiled
1,16,4096,64,True,fp16,0.08312133035186468,0.09987200051546097,mufu,unknown,unprofiled
1,64,4096,64,False,fp16,0.38497064281491755,0.4375680088996887,mufu,unknown,unprofiled
1,16,4096,128,False,fp16,0.1484193448846884,0.17919999361038208,mma,unknown,unprofiled
8,16,4096,128,True,fp16,0.4736773795387536,0.4872640073299408,mma,unknown,unprofiled
4,32,4096,64,False,fp16,0.7299412856298351,0.8140479922294617,mufu,unknown,unprofiled
8,16,4096,64,False,fp16,0.7299412856298351,0.8104320168495178,mufu,unknown,unprofiled
4,64,4096,128,True,fp16,0.9073547590775072,0.9358720183372498,mma,unknown,unprofiled
8,32,4096,128,False,fp16,1.7747095181550143,1.9095360040664673,mma,unknown,unprofiled
4,32,4096,64,True,fp16,0.38497064281491755,0.43276798725128174,mufu,unknown,unprofiled
4,64,4096,64,True,fp16,0.7299412856298351,0.8376320004463196,mufu,unknown,unprofiled
4,32,4096,128,True,fp16,0.4736773795387536,0.48576000332832336,mma,unknown,unprofiled
1,32,4096,64,False,fp16,0.21248532140745877,0.2766079902648926,mufu,unknown,unprofiled
4,32,4096,128,False,fp16,0.9073547590775072,0.9685760140419006,mma,unknown,unprofiled
8,64,4096,128,True,fp16,1.7747095181550143,1.8777920007705688,mma,unknown,unprofiled
4,16,4096,64,False,fp16,0.38497064281491755,0.4362879991531372,mufu,unknown,unprofiled
1,64,4096,64,True,fp16,0.21248532140745877,0.24803200364112854,mufu,unknown,unprofiled
4,64,4096,128,False,fp16,1.7747095181550143,1.9247360229492188,mma,unknown,unprofiled
4,64,4096,64,False,fp8,1.41988257125967,1.2536640167236328,mufu,unknown,unprofiled
1,32,4096,64,False,fp8,0.21248532140745877,0.23257599771022797,mufu,unknown,unprofiled
8,16,4096,64,False,fp8,0.7299412856298351,0.6568639874458313,mufu,unknown,unprofiled
8,32,4096,64,True,fp8,0.7299412856298351,0.7931519746780396,mufu,unknown,unprofiled
1,32,4096,128,False,fp8,0.21248532140745877,0.23968000710010529,mufu,unknown,unprofiled
8,32,4096,64,False,fp8,1.41988257125967,1.2519680261611938,mufu,unknown,unprofiled
1,64,4096,64,True,fp8,0.21248532140745877,0.24243199825286865,mufu,unknown,unprofiled
1,64,4096,128,False,fp8,0.38497064281491755,0.3739840090274811,mufu,unknown,unprofiled
8,64,4096,128,True,fp8,1.41988257125967,1.7517759799957275,mufu,unknown,unprofiled
8,32,4096,128,True,fp8,0.7299412856298351,0.8049280047416687,mufu,unknown,unprofiled
1,64,4096,128,True,fp8,0.21248532140745877,0.2503040134906769,mufu,unknown,unprofiled
8,16,4096,128,True,fp8,0.38497064281491755,0.4370880126953125,mufu,unknown,unprofiled
4,16,4096,64,True,fp8,0.21248532140745877,0.24300800263881683,mufu,unknown,unprofiled
4,16,4096,64,False,fp8,0.38497064281491755,0.36073601245880127,mufu,unknown,unprofiled
1,32,4096,128,True,fp8,0.1262426607037294,0.1571200042963028,mufu,unknown,unprofiled
4,64,4096,64,True,fp8,0.7299412856298351,0.7952640056610107,mufu,unknown,unprofiled
8,64,4096,64,False,fp8,2.79976514251934,2.439807891845703,mufu,unknown,unprofiled
1,16,4096,64,False,fp8,0.1262426607037294,0.14348800480365753,mufu,unknown,unprofiled
8,64,4096,64,True,fp8,1.41988257125967,1.5253759622573853,mufu,unknown,unprofiled
8,16,4096,64,True,fp8,0.38497064281491755,0.4248639941215515,mufu,unknown,unprofiled
8,32,4096,128,False,fp8,1.41988257125967,1.5070719718933105,mufu,unknown,unprofiled
8,16,4096,128,False,fp8,0.7299412856298351,0.6726400256156921,mufu,unknown,unprofiled
1,64,8192,128,True,bf16,0.9073547590775072,0.821727991104126,mma,unknown,unprofiled
8,64,8192,64,False,bf16,11.079060570077361,11.939071655273438,mufu,unknown,unprofiled
1,64,8192,64,False,bf16,1.41988257125967,1.5551040172576904,mufu,unknown,unprofiled
8,16,8192,128,True,bf16,1.7747095181550143,1.6065599918365479,mma,unknown,unprofiled
8,32,8192,128,False,bf16,6.978838072620057,7.803872108459473,mma,unknown,unprofiled
8,32,8192,128,True,bf16,3.5094190363100286,3.2153279781341553,mma,unknown,unprofiled
8,16,8192,64,True,bf16,1.41988257125967,1.3711040019989014,mufu,unknown,unprofiled
4,64,8192,128,False,bf16,6.978838072620057,7.565631866455078,mma,unknown,unprofiled
1,16,8192,64,False,bf16,0.38497064281491755,0.48895999789237976,mufu,unknown,unprofiled
1,64,8192,64,True,bf16,0.7299412856298351,0.7185279726982117,mufu,unknown,unprofiled
8,64,8192,128,True,bf16,6.978838072620057,6.87827205657959,mma,unknown,unprofiled
1,32,8192,64,False,bf16,0.7299412856298351,0.809440016746521,mufu,unknown,unprofiled
8,32,8192,64,False,bf16,5.55953028503868,6.043935775756836,mufu,unknown,unprofiled
4,64,8192,64,False,bf16,5.55953028503868,6.050687789916992,mufu,unknown,unprofiled
1,64,8192,128,False,bf16,1.7747095181550143,1.8183039426803589,mma,unknown,unprofiled
4,64,8192,128,True,bf16,3.5094190363100286,3.1785919666290283,mma,unknown,unprofiled
1,16,8192,128,True,bf16,0.2568386897693768,0.24076800048351288,mma,unknown,unprofiled
4,32,8192,64,True,bf16,1.41988257125967,1.3865280151367188,mufu,unknown,unprofiled
1,32,8192,64,True,bf16,0.38497064281491755,0.3916800022125244,mufu,unknown,unprofiled
8,64,8192,64,True,bf16,5.55953028503868,5.474783897399902,mufu,unknown,unprofiled
8,32,8192,64,True,bf16,2.79976514251934,2.7928318977355957,mufu,unknown,unprofiled
1,16,8192,64,True,bf16,0.21248532140745877,0.2242240011692047,mufu,unknown,unprofiled
4,16,8192,64,True,fp16,0.7299412856298351,0.7167999744415283,mufu,unknown,unprofiled
1,64,8192,64,True,fp16,0.7299412856298351,0.7188479900360107,mufu,unknown,unprofiled
8,16,8192,128,False,fp16,3.5094190363100286,3.966655969619751,mma,unknown,unprofiled
8,32,8192,64,False,fp16,5.55953028503868,6.044928073883057,mufu,unknown,unprofiled
4,64,8192,64,True,fp16,2.79976514251934,2.7320640087127686,mufu,unknown,unprofiled
8,64,8192,64,True,fp16,5.55953028503868,5.466207981109619,mufu,unknown,unprofiled
1,16,8192,64,True,fp16,0.21248532140745877,0.22518399357795715,mufu,unknown,unprofiled
4,16,8192,128,True,fp16,0.9073547590775072,0.8387519717216492,mma,unknown,unprofiled
4,32,8192,64,True,fp16,1.41988257125967,1.3785920143127441,mufu,unknown,unprofiled
4,32,8192,128,False,fp16,3.5094190363100286,3.8825600147247314,mma,unknown,unprofiled
1,64,8192,64,False,fp16,1.41988257125967,1.5600320100784302,mufu,unknown,unprofiled
4,64,8192,128,False,fp16,6.978838072620057,8.226048469543457,mma,unknown,unprofiled
4,16,8192,64,False,fp16,1.41988257125967,1.5573760271072388,mufu,unknown,unprofiled
1,32,8192,64,False,fp16,0.7299412856298351,0.8145279884338379,mufu,unknown,unprofiled
4,32,8192,128,True,fp16,1.7747095181550143,1.6570559740066528,mma,unknown,unprofiled
1,32,8192,128,False,fp16,0.9073547590775072,0.9455040097236633,mma,unknown,unprofiled
8,64,8192,128,True,fp16,6.978838072620057,7.178271770477295,mma,unknown,unprofiled
4,16,8192,128,False,fp16,1.7747095181550143,1.9390079975128174,mma,unknown,unprofiled
8,16,8192,64,False,fp16,2.79976514251934,3.0602240562438965,mufu,unknown,unprofiled
8,16,8192,64,True,fp16,1.41988257125967,1.3720320463180542,mufu,unknown,unprofiled
4,32,8192,64,False,fp16,2.79976514251934,3.0561280250549316,mufu,unknown,unprofiled
8,32,8192,128,False,fp16,6.978838072620057,7.893119812011719,mma,unknown,unprofiled
8,32,8192,128,True,fp8,2.79976514251934,3.4187519550323486,mufu,unknown,unprofiled
1,32,8192,64,True,fp8,0.38497064281491755,0.38867199420928955,mufu,unknown,unprofiled
8,64,8192,64,True,fp8,5.55953028503868,5.351583957672119,mufu,unknown,unprofiled
4,16,8192,128,True,fp8,0.7299412856298351,0.7688639760017395,mufu,unknown,unprofiled
1,16,8192,64,False,fp8,0.38497064281491755,0.3984000086784363,mufu,unknown,unprofiled
4,32,8192,128,False,fp8,2.79976514251934,2.9793920516967773,mufu,unknown,unprofiled
4,64,8192,128,False,fp8,5.55953028503868,5.206975936889648,mufu,unknown,unprofiled
4,64,8192,64,True,fp8,2.79976514251934,2.7095680236816406,mufu,unknown,unprofiled
1,64,8192,128,False,fp8,1.41988257125967,1.3967679738998413,mufu,unknown,unprofiled
1,32,8192,128,False,fp8,0.7299412856298351,0.6643840074539185,mufu,unknown,unprofiled
8,16,8192,128,True,fp8,1.41988257125967,1.5916160345077515,mufu,unknown,unprofiled
8,16,8192,128,False,fp8,2.79976514251934,3.064768075942993,mufu,unknown,unprofiled
1,64,8192,64,False,fp8,1.41988257125967,1.2396160364151,mufu,unknown,unprofiled
1,64,8192,128,True,fp8,0.7299412856298351,0.7061759829521179,mufu,unknown,unprofiled
8,16,8192,64,True,fp8,1.41988257125967,1.3630080223083496,mufu,unknown,unprofiled
4,64,8192,64,False,fp8,5.55953028503868,4.774943828582764,mufu,unknown,unprofiled
4,16,8192,128,False,fp8,1.41988257125967,1.4165760278701782,mufu,unknown,unprofiled
1,16,8192,128,True,fp8,0.21248532140745877,0.22441600263118744,mufu,unknown,unprofiled
4,32,8192,128,True,fp8,1.41988257125967,1.5154880285263062,mufu,unknown,unprofiled
8,64,8192,128,False,fp8,11.079060570077361,10.174176216125488,mufu,unknown,unprofiled
1,16,8192,64,True,fp8,0.21248532140745877,0.22543999552726746,mufu,unknown,unprofiled
1,64,8192,64,True,fp8,0.7299412856298351,0.712768018245697,mufu,unknown,unprofiled
1,16,16384,64,False,bf16,1.41988257125967,1.5531840324401855,mufu,unknown,unprofiled
4,32,16384,128,True,bf16,6.978838072620057,5.991968154907227,mma,unknown,unprofiled
8,16,16384,128,False,bf16,13.917676145240115,15.791520118713379,mma,unknown,unprofiled
8,64,16384,64,True,bf16,22.118121140154724,20.783296585083008,mufu,unknown,unprofiled
8,32,16384,128,False,bf16,27.79535229048023,31.714975357055664,mma,unknown,unprofiled
8,32,16384,128,True,bf16,13.917676145240115,13.192095756530762,mma,unknown,unprofiled
4,32,16384,128,False,bf16,13.917676145240115,15.755776405334473,mma,unknown,unprofiled
8,16,16384,64,True,bf16,5.55953028503868,5.146751880645752,mufu,unknown,unprofiled
8,64,16384,128,False,bf16,55.55070458096046,66.4747543334961,mma,unknown,unprofiled
8,16,16384,128,True,bf16,6.978838072620057,5.966400146484375,mma,unknown,unprofiled
4,64,16384,64,False,bf16,22.118121140154724,23.735328674316406,mufu,unknown,unprofiled
4,32,16384,64,True,bf16,5.55953028503868,5.09827184677124,mufu,unknown,unprofiled
1,16,16384,128,True,bf16,0.9073547590775072,0.7720959782600403,mma,unknown,unprofiled
1,64,16384,128,False,bf16,6.978838072620057,7.498591899871826,mma,unknown,unprofiled
8,64,16384,64,False,bf16,44.19624228030945,47.364192962646484,mufu,unknown,unprofiled
8,32,16384,64,False,bf16,22.118121140154724,23.703168869018555,mufu,unknown,unprofiled
1,32,16384,64,False,bf16,2.79976514251934,3.050112009048462,mufu,unknown,unprofiled
8,16,16384,64,False,bf16,11.079060570077361,11.986687660217285,mufu,unknown,unprofiled
8,32,16384,64,True,bf16,11.079060570077361,10.263808250427246,mufu,unknown,unprofiled
1,64,16384,128,True,bf16,3.5094190363100286,2.9756479263305664,mma,unknown,unprofiled
4,32,16384,64,False,bf16,11.079060570077361,11.99027156829834,mufu,unknown,unprofiled
1,64,16384,64,False,bf16,5.55953028503868,6.031936168670654,mufu,unknown,unprofiled
1,32,16384,128,True,fp16,1.7747095181550143,1.553056001663208,mma,unknown,unprofiled
8,64,16384,128,False,fp16,55.55070458096046,68.04390716552734,mma,unknown,unprofiled
8,16,16384,64,True,fp16,5.55953028503868,5.175551891326904,mufu,unknown,unprofiled
4,32,16384,64,False,fp16,11.079060570077361,12.00278377532959,mufu,unknown,unprofiled
4,64,16384,64,False,fp16,22.118121140154724,23.745887756347656,mufu,unknown,unprofiled
8,16,16384,128,True,fp16,6.978838072620057,6.7259202003479,mma,unknown,unprofiled
4,32,16384,64,True,fp16,5.55953028503868,5.038496017456055,mufu,unknown,unprofiled
4,32,16384,128,False,fp16,13.917676145240115,16.1724796295166,mma,unknown,unprofiled
4,64,16384,128,True,fp16,13.917676145240115,14.067968368530273,mma,unknown,unprofiled
1,64,16384,128,True,fp16,3.5094190363100286,3.226207971572876,mma,unknown,unprofiled
8,32,16384,64,False,fp16,22.118121140154724,23.714624404907227,mufu,unknown,unprofiled
1,32,16384,64,True,fp16,1.41988257125967,1.2960319519042969,mufu,unknown,unprofiled
4,16,16384,64,False,fp16,5.55953028503868,6.034783840179443,mufu,unknown,unprofiled
8,64,16384,64,False,fp16,44.19624228030945,47.384544372558594,mufu,unknown,unprofiled
8,64,16384,128,True,fp16,27.79535229048023,28.14771270751953,mma,unknown,unprofiled
8,32,16384,128,False,fp16,27.79535229048023,32.74812698364258,mma,unknown,unprofiled
8,16,16384,64,False,fp16,11.079060570077361,11.98851203918457,mufu,unknown,unprofiled
1,16,16384,64,False,fp16,1.41988257125967,1.5543040037155151,mufu,unknown,unprofiled
1,32,16384,128,False,fp16,3.5094190363100286,3.9173760414123535,mma,unknown,unprofiled
1,16,16384,128,False,fp16,1.7747095181550143,1.8288960456848145,mma,unknown,unprofiled
8,32,16384,128,True,fp16,13.917676145240115,14.032896041870117,mma,unknown,unprofiled
4,16,16384,128,False,fp16,6.978838072620057,8.150976181030273,mma,unknown,unprofiled
8,64,16384,64,True,fp8,22.118121140154724,19.561216354370117,mufu,unknown,unprofiled
8,32,16384,128,False,fp8,22.118121140154724,19.778656005859375,mufu,unknown,unprofiled
8,16,16384,128,True,fp8,5.55953028503868,5.334559917449951,mufu,unknown,unprofiled
8,64,16384,128,False,fp8,44.19624228030945,39.90351867675781,mufu,unknown,unprofiled
8,64,16384,64,False,fp8,44.19624228030945,37.217952728271484,mufu,unknown,unprofiled
4,16,16384,64,False,fp8,5.55953028503868,4.75167989730835,mufu,unknown,unprofiled
8,16,16384,128,False,fp8,11.079060570077361,10.030048370361328,mufu,unknown,unprofiled
8,16,16384,64,False,fp8,11.079060570077361,9.437984466552734,mufu,unknown,unprofiled
8,32,16384,64,True,fp8,11.079060570077361,9.86240005493164,mufu,unknown,unprofiled
8,32,16384,128,True,fp8,11.079060570077361,10.255647659301758,mufu,unknown,unprofiled
1,16,16384,128,True,fp8,0.7299412856298351,0.6592320203781128,mufu,unknown,unprofiled
1,32,16384,128,False,fp8,2.79976514251934,2.7896640300750732,mufu,unknown,unprofiled
1,16,16384,128,False,fp8,1.41988257125967,1.4679679870605469,mufu,unknown,unprofiled
1,64,16384,128,True,fp8,2.79976514251934,3.2588160037994385,mufu,unknown,unprofiled
4,32,16384,128,False,fp8,11.079060570077361,9.896767616271973,mufu,unknown,unprofiled
1,64,16384,64,True,fp8,2.79976514251934,2.5240960121154785,mufu,unknown,unprofiled
1,32,16384,64,True,fp8,1.41988257125967,1.2804800271987915,mufu,unknown,unprofiled
4,32,16384,64,True,fp8,5.55953028503868,5.036672115325928,mufu,unknown,unprofiled
4,64,16384,128,False,fp8,22.118121140154724,19.98204803466797,mufu,unknown,unprofiled
4,16,16384,128,True,fp8,2.79976514251934,3.000960111618042,mufu,unknown,unprofiled
1,16,16384,64,True,fp8,0.7299412856298351,0.6792640089988708,mufu,unknown,unprofiled
4,16,16384,64,True,fp8,2.79976514251934,2.518496036529541,mufu,unknown,unprofiled
